ID,Content,True_Label,Predicted_Label,True_News_Probability,Fake_News_Probability,True_Label_Text,Predicted_Label_Text,Correct
news_plf06A00307,劳保局缴费通知是新诈骗手法？并非诈骗信件！皆为劳保局寄发,1,1,2.3338811843132135e-06,0.999997615814209,虚假新闻,虚假新闻,True
news_plf06A00308,美国现任参谋总长向联邦参议院作证？台湾人自己巷战？曲解原始发言内容,1,1,1.963566774065839e-06,0.9999980926513672,虚假新闻,虚假新闻,True
news_plf06A00309,吕秀莲点出民进党弊端？节目上泪流满面？旧谣言变形！多数内容与吕秀莲无关,1,1,2.037792228293256e-06,0.9999979734420776,虚假新闻,虚假新闻,True
news_plf06A00310,蔡英文祝表姊高升送白色挽联的合照？经编修合成造假,1,1,2.1379046302172355e-06,0.9999978542327881,虚假新闻,虚假新闻,True
news_plf06A00311,吕秀莲警告三军统帅的讯息？假借冠名文章！拼凑内容非当事人撰写,1,1,2.0993929865653627e-06,0.9999978542327881,虚假新闻,虚假新闻,True
news_plf06A00312,川普粉丝围攻FBI大楼？美国爆发内战影片？无事实根据！2020年抗议画面,1,1,2.0478801161516458e-06,0.9999979734420776,虚假新闻,虚假新闻,True
news_plf06A00313,嘉手纳空军基地部署的飞机要载蔡英文？改编资深谣言的误导影片描述,1,1,2.1082610146549996e-06,0.9999978542327881,虚假新闻,虚假新闻,True
news_plf06A00314,台湾人到柬埔寨发现不对而反抗的下场影片？误导描述！墨西哥帮派处决叛徒画面,1,1,2.0087531993340235e-06,0.9999979734420776,虚假新闻,虚假新闻,True
news_plf06A00315,台湾街头突然传来？要求尽快和平统一影片？过去游行片段组成,1,1,2.071917378998478e-06,0.9999979734420776,虚假新闻,虚假新闻,True
news_plf06A00316,美国宣布新冠肺炎流感化？确诊不用隔离？误导描述！确诊仍须隔离,1,1,1.885476990537427e-06,0.9999980926513672,虚假新闻,虚假新闻,True
news_plf06A00317,柬埔寨活摘器官影片？老谣言变形！拍摄地点应为俄罗斯,1,1,2.0317438611527905e-06,0.9999979734420776,虚假新闻,虚假新闻,True
news_plf06A00318,亲友请你帮LINE辅助认证？盗用帐号！简讯认证码不要提供给任何人,1,1,2.2177791834110394e-06,0.9999977350234985,虚假新闻,虚假新闻,True
news_plf06A00319,佩洛西称中国是世界上最自由的社会之一？办公室澄清口误！将中国改为「台湾」,1,1,2.2165907012094976e-06,0.9999977350234985,虚假新闻,虚假新闻,True
news_plf06A00320,被YouTube下架的福斯新闻？加强剂疫苗会抑制免疫系统？专家详解,1,1,1.8466932942828862e-06,0.9999982118606567,虚假新闻,虚假新闻,True
news_plf06A00321,喝芹菜汁护肝、通血管又能补充钙镁钾？勿过度解读！医师、营养师详解,1,1,1.878477291938907e-06,0.9999980926513672,虚假新闻,虚假新闻,True
news_plf06A00322,网传年轻时28岁的佩洛西照片？实为德国女演员照片,1,1,2.0267355012038024e-06,0.9999979734420776,虚假新闻,虚假新闻,True
news_plf06A00323,巴西民众追杀机车劫匪不需负法律责任？非近期影片！巴西无此项政策,1,1,2.1105201994942036e-06,0.9999978542327881,虚假新闻,虚假新闻,True
news_plf06A00324,到乌克兰增援的北约将领遭俄罗斯歼灭的影片？军事游戏画面,1,1,2.066455181193305e-06,0.9999979734420776,虚假新闻,虚假新闻,True
news_plf06A00325,亲友传长荣、全联、全家、7-ELEVEN的网路抽奖问卷？冒名钓鱼网站！别转传连结,1,1,1.981336708922754e-06,0.9999979734420776,虚假新闻,虚假新闻,True
news_plf06A00326,佩洛西座机遭共机拦阻？机身有三个弹孔？实为客机原有的感测器和照明灯,1,1,1.9577123566705268e-06,0.9999980926513672,虚假新闻,虚假新闻,True
news_plf06A00327,胡锡进「我真的硬不起来」的推文？非本人帐号发布言论,1,1,2.5528618152748095e-06,0.9999974966049194,虚假新闻,虚假新闻,True
news_plf06A00328,阳明交大教授评半导体产业及美中台关系？非本人撰写的假冠名文章,1,1,2.532374310248997e-06,0.9999974966049194,虚假新闻,虚假新闻,True
news_plf06A00329,卫福部的纾困补助邮件？当心钓鱼连结！你的网银可能会被登入,1,1,1.9495296328386758e-06,0.9999980926513672,虚假新闻,虚假新闻,True
news_plf06A00330,中国政府决定撤离在台湾的中国公民？8/8前撤离完毕？不实内容！图片经变造,1,1,2.1302503228071146e-06,0.9999978542327881,虚假新闻,虚假新闻,True
news_plf06A00331,佩洛西刚到台湾，澳洲突然宣布援助美军的影片？虚构内容,1,1,2.1622167878376786e-06,0.9999978542327881,虚假新闻,虚假新闻,True
news_plf06A00332,网传中华民国台湾名节目主持人李四端杰作？错误冠名内容,1,1,2.042898131549009e-06,0.9999979734420776,虚假新闻,虚假新闻,True
news_plf06A00333,佩洛西1989年造访天安门曾遭警方拘留？时间点错误且未遭拘留或逮捕,1,1,2.036459591181483e-06,0.9999979734420776,虚假新闻,虚假新闻,True
news_plf06A00334,解放军岸边集结宣传摆拍的照片？实为北韩2017年军演画面,1,1,2.1012638171669096e-06,0.9999978542327881,虚假新闻,虚假新闻,True
news_plf06A00335,东亚高薪打工遭诈骗集团殴打囚禁影片？确实有人口贩运事件,1,1,1.8138094901587465e-06,0.9999982118606567,虚假新闻,虚假新闻,True
news_plf06A00336,网传裴洛西的专机由战机护航影片？挪用过去不同时空的片段,1,1,2.0545919596770545e-06,0.9999979734420776,虚假新闻,虚假新闻,True
news_plf06A00337,佩洛西搭空军一号？飞行安全空间185公里？无事实根据！佩洛西搭乘C-40C专机出访,1,1,2.188912503697793e-06,0.9999978542327881,虚假新闻,虚假新闻,True
news_plf06A00338,70岁老人突发中风，元凶竟是一碗「绿豆汤」？医师：与绿豆汤无关,1,1,1.7697053635856719e-06,0.9999982118606567,虚假新闻,虚假新闻,True
news_plf06A00339,中国大陆平潭军演影片？军队蓄势待发？实为2020年马祖云台实弹操演,1,1,2.169926119677257e-06,0.9999978542327881,虚假新闻,虚假新闻,True
news_plf06A00340,美国的奖章挂在背后？拜登颁授勋章时挂反？影片实际上并无挂反,1,1,1.9776480257860385e-06,0.9999979734420776,虚假新闻,虚假新闻,True
news_plf06A00341,日本政府承认打疫苗更容易感染新冠？数据解读错误且忽略背景脉络,1,1,1.8253944062962546e-06,0.9999982118606567,虚假新闻,虚假新闻,True
news_plf06A00342,5G害命的科学证据？传播病毒造成COVID-19症状？专家详细解析,1,1,1.976752173504792e-06,0.9999979734420776,虚假新闻,虚假新闻,True
news_plf06A00343,接种疫苗导致儿童自闭症人数暴增？并非事实！研究已证实两者无关联,1,1,2.065186436084332e-06,0.9999979734420776,虚假新闻,虚假新闻,True
news_plf06A00344,五台山尼姑还俗结婚喝喜酒影片？实为中国大陆传销组织活动画面,1,1,2.151163698727032e-06,0.9999978542327881,虚假新闻,虚假新闻,True
news_plf06A00345,谭德塞已被国际刑警组织逮捕？比尔盖兹也在接受调查？虚构文章误导,1,1,2.0964057512173895e-06,0.9999978542327881,虚假新闻,虚假新闻,True
news_plf06A00346,佩洛西众院议长遭撤职？被美军弹劾？并未遭起诉或弹劾！军方无此权力,1,1,1.7826705516199581e-06,0.9999982118606567,虚假新闻,虚假新闻,True
news_plf06A00347,英国和罗马尼亚的农场、美国的食品加工厂火灾？人为制造粮食短缺？并非人为因素,1,1,2.019960675170296e-06,0.9999979734420776,虚假新闻,虚假新闻,True
news_plf06A00348,和信医院院长黄达夫讲断层扫描辐射？部分内容非其评论！核医科医师详解,1,1,4.146705578023102e-06,0.9999958276748657,虚假新闻,虚假新闻,True
news_plf06A00349,蔡英文说和尚感染了尼姑也要注意？改编自2020年中国大陆的网路笑话,1,1,1.855822347351932e-06,0.9999980926513672,虚假新闻,虚假新闻,True
news_plf06A00350,中国20岁女孩造出世界首辆悬浮汽车？影片拼凑其他概念设计片段,1,1,2.0639145077439025e-06,0.9999979734420776,虚假新闻,虚假新闻,True
news_plf06A00351,拜登和沙国王储玩剪刀石头布等互动手势照片？经编修合成！两人仅碰拳,1,1,1.998431116589927e-06,0.9999979734420776,虚假新闻,虚假新闻,True
news_plf06A00352,硬币刮手指可以预防心肌梗塞影片？误导说法！应注意胸闷症状并定期检查,1,1,1.928865003719693e-06,0.9999980926513672,虚假新闻,虚假新闻,True
news_plf06A00353,波兰首都爆发抗议活动反对乌克兰难民涌入？部分图片引用无关事件画面,1,1,1.963905788215925e-06,0.9999980926513672,虚假新闻,虚假新闻,True
news_plf06A00354,抬高双脚就能快速抢救心跳呼吸骤停？误导说法！急救时抬腿无法增加存活率,1,1,1.9453359527688008e-06,0.9999980926513672,虚假新闻,虚假新闻,True
news_plf06A00355,加拿大新冠死亡数十个有九个打过两剂？曲解数据！忽略疫苗覆盖率及背景脉络,1,1,1.947920054590213e-06,0.9999980926513672,虚假新闻,虚假新闻,True
news_plf06A00356,滑水道的隐藏路线？人飞到空中的影片？画面经过后制合成,1,1,2.3331469947152073e-06,0.999997615814209,虚假新闻,虚假新闻,True
news_plf06A00357,乌克兰动用白磷弹攻击俄军影片？实为俄军攻击亚速钢铁厂画面,1,1,2.1206665223871823e-06,0.9999978542327881,虚假新闻,虚假新闻,True
news_plf06A00358,进口买卖中国商品必须用人民币影片？虚构内容！挪用无关画面和变造配音,1,1,2.16247667594871e-06,0.9999978542327881,虚假新闻,虚假新闻,True
news_plf06A00359,边玩手机边充电导致触电影片？情境模拟！专家解说可能漏电情况,1,0,0.9999752044677734,2.4844059225870296e-05,虚假新闻,真实新闻,False
news_plf06A00360,白云组成三只骏马奔腾的壮观景象？后制合成影片！白云实为艺术创作,1,1,3.155793820042163e-06,0.9999969005584717,虚假新闻,虚假新闻,True
news_plf06A00361,网传超商面包少吃为妙的影片？放半年无异状代表含添加物对健康有害？专家详解,1,1,1.836191472648352e-06,0.9999982118606567,虚假新闻,虚假新闻,True
news_plf06A00362,拜登演说被打断？记者问次子杭特的丑闻？声音遭后制！原始内容是谈枪枝管制,1,1,1.7677134565019514e-06,0.9999982118606567,虚假新闻,虚假新闻,True
news_plf06A00363,纾困4.0精进方案？申请要填网银帐号密码？冒用政府单位的钓鱼网站,1,1,2.036026671703439e-06,0.9999979734420776,虚假新闻,虚假新闻,True
news_plf06A00364,沙乌地阿拉伯九名强奸犯遭砍头影片？实为ISIS处决间谍画面,1,1,1.941803020599764e-06,0.9999980926513672,虚假新闻,虚假新闻,True
news_plf06A00365,虫爬进耳朵只要堵住另一只耳朵让虫缺氧就行？医师详解正确处置方式,1,1,0.0037989895790815353,0.9962009787559509,虚假新闻,虚假新闻,True
news_plf06A00366,德国微生物学专家预言接种将使全球爆发大死亡疾病？内容多处错误,1,1,2.0311026673880406e-06,0.9999979734420776,虚假新闻,虚假新闻,True
news_plf06A00367,日本疫苗后遗症严重？公告别打第三剂？错误描述！未宣布紧急状态并鼓励施打疫苗,1,1,1.9301733118481934e-06,0.9999980926513672,虚假新闻,虚假新闻,True
news_plf06A00368,蔡英文居然自己设置安倍灵堂？还带著政府官员祭拜？日台交流协会设置,1,1,1.961554744411842e-06,0.9999980926513672,虚假新闻,虚假新闻,True
news_plf06A00369,宜家余额提醒简讯？累计分数清零？兑换商品优惠？当心不明连结！典型一页式诈骗,1,1,2.0494978798524244e-06,0.9999979734420776,虚假新闻,虚假新闻,True
news_plf06A00370,台湾捐赠乌克兰迫击砲弹？印有繁体中文？砲弹批号与国军编码不同！应为日本生产,1,1,2.1304697384039173e-06,0.9999978542327881,虚假新闻,虚假新闻,True
news_plf06A00371,确诊可申请7000元防疫补助金与相关劳保补助金？对象、计算方式不正确,1,1,2.3938482627272606e-06,0.999997615814209,虚假新闻,虚假新闻,True
news_plf06A00372,10名台湾志愿兵遭俄军俘虏遣送中国？非事实！部分照片引用错误,1,1,2.0878603663732065e-06,0.9999978542327881,虚假新闻,虚假新闻,True
news_plf06A00373,在地上挣扎的鸟别抓？怕猴痘传染？主经由哺乳类动物传播，目前没有鸟类感染的科学证据,1,1,1.913870846692589e-06,0.9999980926513672,虚假新闻,虚假新闻,True
news_plf06A00374,日本媒体播报安倍死讯自己都在笑的照片？经特效后制并非原始画面,1,1,1.997996605496155e-06,0.9999979734420776,虚假新闻,虚假新闻,True
news_plf06A00375,安倍晋三枪击现场网红女保镖在身边的画面？照片中女子并非石田萌美,1,1,1.883877303043846e-06,0.9999980926513672,虚假新闻,虚假新闻,True
news_plf06A00376,长得直的香蕉别买？打了激素？长得弯的才是好香蕉？专家：传言说法不正确,1,1,1.95464895114128e-06,0.9999980926513672,虚假新闻,虚假新闻,True
news_plf06A00377,安倍晋三安保团队停车场集体切腹？杜撰虚构内容！无任何事实依据,1,1,1.9658339169836836e-06,0.9999980926513672,虚假新闻,虚假新闻,True
news_plf06A00378,花莲旅游司机开到自己掉出来的影片？2019年印尼游览车事故,1,1,2.3169295673142187e-06,0.9999977350234985,虚假新闻,虚假新闻,True
news_plf06A00379,PCR 是诈骗？木瓜、山羊去验也阳性？不能当成快筛或PCR无效之证据,1,1,5.243690793577116e-06,0.9999947547912598,虚假新闻,虚假新闻,True
news_plf06A00380,网传Yahoo、BBC推特帐号中午发布安倍死讯的推文？冒充媒体的假帐号,1,1,2.102386361002573e-06,0.9999978542327881,虚假新闻,虚假新闻,True
news_plf06A00381,台湾诈骗集团太多应向新加坡学习？影片实为2020年台湾黑帮凌虐事件,1,1,1.9355520635144785e-06,0.9999980926513672,虚假新闻,虚假新闻,True
news_plf06A00382,瑞典环保少女音乐节演说？遗留满地垃圾照片？部分为2015年音乐节旧照,1,1,1.940459014804219e-06,0.9999980926513672,虚假新闻,虚假新闻,True
news_plf06A00383,接种新冠疫苗导致癌症人数暴增75倍？缺乏事实依据且引用数据无法判定因果关系,1,1,2.2354527118295664e-06,0.9999977350234985,虚假新闻,虚假新闻,True
news_plf06A00384,台湾已有吞人的大蛇繁殖出没的影片？专家：尚无野外繁殖纪录,1,1,2.049904423984117e-06,0.9999979734420776,虚假新闻,虚假新闻,True
news_plf06A00385,蜂蜜可阻病毒复制？真蜂蜜不影响血糖？相关论述易误解，专家解析文献内容,1,1,1.992938450712245e-06,0.9999979734420776,虚假新闻,虚假新闻,True
news_plf06A00386,猴痘是虚构的？带状疱疹？疫苗副作用引起？猴痘与水痘无关！并非疫苗副作用,1,1,1.96002497432346e-06,0.9999980926513672,虚假新闻,虚假新闻,True
news_plf06A00387,为什么病人要吃瓜？台大张文亮教授的讯息？营养师详解瓜营养,1,1,2.1117784854141064e-06,0.9999978542327881,虚假新闻,虚假新闻,True
news_plf06A00388,泽伦斯基身负重伤？全球媒体疯狂报导的影片？虚构内容误导,1,1,2.180025376219419e-06,0.9999978542327881,虚假新闻,虚假新闻,True
news_plf06A00389,以色列接种第三针疫苗打最多、死最多图表？死亡率数据错误解读,1,1,1.7996189853874967e-06,0.9999982118606567,虚假新闻,虚假新闻,True
news_plf06A00390,澳洲7.9万人因疫苗副作用受伤？误导论述！数据实为不良事件通报,1,1,1.947350028785877e-06,0.9999980926513672,虚假新闻,虚假新闻,True
news_plf06A00391,被乌克兰军方击落的俄罗斯武装直升机残骸中发现洗衣机？缺乏根据论述,1,1,1.98096267922665e-06,0.9999979734420776,虚假新闻,虚假新闻,True
news_plf06A00392,说打疫苗无效是共识的影片？强制接种死更多？相关论述缺乏事实根据,1,1,2.28962630899332e-06,0.9999977350234985,虚假新闻,虚假新闻,True
news_plf06A00393,台中市敬老卡升级？搭计程车补助限制取消？相关政策不变！市府澄清,1,1,1.754667891873396e-06,0.9999982118606567,虚假新闻,虚假新闻,True
news_plf06A00394,比利时首都布鲁塞尔约8万人走上街头要求解散北约？非此罢工游行诉求,1,1,1.8762143554340582e-06,0.9999980926513672,虚假新闻,虚假新闻,True
news_plf06A00395,打疫苗导致长新冠后遗症影片？引发ADE效应？相关错误论述解析,1,1,2.065801027129055e-06,0.9999979734420776,虚假新闻,虚假新闻,True
news_plf06A00396,美国前线医护快报接种疫苗儿童死亡率增加51倍？生殖器溃疡案例？专家详解,1,1,1.7409765860065818e-06,0.9999982118606567,虚假新闻,虚假新闻,True
news_plf06A00397,高雄许多大学生失踪？新冠后遗症需移植肝脏？内容与事实不符,1,1,1.8444543457007967e-06,0.9999982118606567,虚假新闻,虚假新闻,True
news_plf06A00398,医学证明新冠疫苗是谋杀的影片？刊登在世界第一期刊？该摘要无提供数据佐证,1,1,2.2574204194825143e-06,0.9999977350234985,虚假新闻,虚假新闻,True
news_plf06A00399,一颗普拿疼会残留在身体五年？误导药物的代谢时间！药师详解,1,1,1.8662635739019606e-06,0.9999980926513672,虚假新闻,虚假新闻,True
news_plf06A00400,养石斑必用抗生素？价位越高用药越多？误导贴文！石斑鱼多用益生菌，没生病就不用药,1,1,1.9390456600376638e-06,0.9999980926513672,虚假新闻,虚假新闻,True
news_plf06A00401,打疫苗造成SADS？年轻人神秘死亡？非新兴疾病！成人猝死综合症与基因遗传有关,1,1,1.9365324988029897e-06,0.9999980926513672,虚假新闻,虚假新闻,True
news_plf06A00402,BT下载影片同时会上传？无营利就不违法？误导描述！律师详解软体特性及法律责任,1,1,1.8738753624347737e-06,0.9999980926513672,虚假新闻,虚假新闻,True
news_plf06A00403,美国卫生院揭露疫情阴谋？不要打疫苗、戴口罩？非美国NIH认可发表文章,1,1,2.139765001629712e-06,0.9999978542327881,虚假新闻,虚假新闻,True
news_plf06A00404,第四剂该不该打？杨志良、医学教授发表看法？传言改编！原始内容脉络查证,1,1,2.212922026956221e-06,0.9999977350234985,虚假新闻,虚假新闻,True
news_plf06A00405,许多运动员在运动场上猝死影片？打疫苗所致？与实际状况不符！多数仍健在,1,1,1.944152700161794e-06,0.9999980926513672,虚假新闻,虚假新闻,True
news_plf06A00406,捷克敦促乌克兰难民找工作？保加利亚驱逐难民？德国停发救济金？缺乏脉络的不实描述,1,1,1.8932754528577789e-06,0.9999980926513672,虚假新闻,虚假新闻,True
news_plf06A00407,辉瑞CEO说晶片存在于新冠疫苗和治疗药物中的影片？与COVID-19无关之论坛片段,1,1,1.915808297781041e-06,0.9999980926513672,虚假新闻,虚假新闻,True
news_plf06A00408,布拉格商店挂「乌克兰人不得入内」的警示牌？公告照片经后制变造,1,1,1.9253768641647184e-06,0.9999980926513672,虚假新闻,虚假新闻,True
news_plf06A00409,永远用左耳听行动电话？用右耳会伤害大脑？缺乏研究佐证！电磁波高低与基地台远近有关,1,1,2.1711039153160527e-06,0.9999978542327881,虚假新闻,虚假新闻,True
news_plf06A00410,睡前这样抬脚能治100种病的影片？能保健但无法当作治疗疾病的方法,1,1,2.009454647122766e-06,0.9999979734420776,虚假新闻,虚假新闻,True
news_plf06A00411,英国儿童接种三剂死亡风险增303倍？错误计算方式！专家详细解析原始数据,1,1,1.9505114323692396e-06,0.9999980926513672,虚假新闻,虚假新闻,True
news_plf06A00412,蔡英文感染新冠居家照护中？错误！指挥中心已澄清总统没有确诊,1,1,2.176006091758609e-06,0.9999978542327881,虚假新闻,虚假新闻,True
news_plf06A00413,MIS-C是疫苗副作用？美国FDA扭曲事实？误导描述！研究证实疫苗降低发生机率,1,1,1.9609599348768825e-06,0.9999980926513672,虚假新闻,虚假新闻,True
news_plf06A00414,莫德纳宣布销毁3000万剂疫苗？网传影片解读忽略脉络,1,1,1.9007507034984883e-06,0.9999980926513672,虚假新闻,虚假新闻,True
news_plf06A00415,日本国会议员说出真相？疫苗副作用导致死亡人数激增？缺乏背景资讯,1,1,1.8000309864873998e-06,0.9999982118606567,虚假新闻,虚假新闻,True
news_plf06A00416,拜登要乌克兰割让领土给俄罗斯换取和平？网传文章误导曲解原意,1,1,2.1711909994337475e-06,0.9999978542327881,虚假新闻,虚假新闻,True
news_plf06A00417,BNT让孕妇生出来的孩子得到脑炎？辉瑞打疫苗后遗症文件？专家详解,1,1,1.8950709090859164e-06,0.9999980926513672,虚假新闻,虚假新闻,True
news_plf06A00418,横28.6段目前坍方现况的影片？实为2017中横土石流画面,1,1,2.0072363895451417e-06,0.9999979734420776,虚假新闻,虚假新闻,True
news_plf06A00419,儿童快筛戳鼻子引发脑炎？国外期刊证实？文献无关脑炎！棉棒不会戳到脑部！,1,1,1.9798692392214434e-06,0.9999979734420776,虚假新闻,虚假新闻,True
news_plf06A00420,在美国人人要有枪、先下手为强的影片？2018巴西当地女警制伏抢匪,1,1,2.0747329472214915e-06,0.9999979734420776,虚假新闻,虚假新闻,True
news_plf06A00421,苗栗县高中以下学校远距教学至6月17日？流传非官方图卡！务必以官方资讯为主,1,1,1.9767051071539754e-06,0.9999979734420776,虚假新闻,虚假新闻,True
news_plf06A00422,网传「墨西哥做到了」的图片是手机病毒？国际资深谣言改编版本,1,1,1.9021416619580123e-06,0.9999980926513672,虚假新闻,虚假新闻,True
news_plf06A00423,俄国击毁北约坦克、直升机？媒体不敢报？实为游戏模拟画面！与乌俄战争无关,1,1,2.2418405478674686e-06,0.9999977350234985,虚假新闻,虚假新闻,True
news_plf06A00424,欧巴马史丹佛大学演讲谈美国如何用垃圾讯息扰乱他国舆论？刻意忽略上下文的片段,1,1,2.4868543277989374e-06,0.9999974966049194,虚假新闻,虚假新闻,True
news_plf06A00425,中国接任联合国安理会新轮值主席国？美国慌了？内容与联合国近期资讯不符,1,1,1.993611476791557e-06,0.9999979734420776,虚假新闻,虚假新闻,True
news_plf06A00426,日本的核废水要运到台湾来？官员说可以喝？虚构描述的影片贴文,1,1,1.9429812709859107e-06,0.9999980926513672,虚假新闻,虚假新闻,True
news_plf06A00427,台中大坑手机拍到魔神仔现踪影片？电脑合成动画！片段脉络查证,1,1,1.965625870070653e-06,0.9999980926513672,虚假新闻,虚假新闻,True
news_plf06A00428,来自Nature自然期刊？流感疫苗可防止90%的新冠重症？错误解读！专家详解,1,1,2.174176415792317e-06,0.9999978542327881,虚假新闻,虚假新闻,True
news_plf06A00429,红壳鸡蛋是添加色素？伪装土鸡蛋贩售？误导说法！与蛋壳颜色无关,1,1,1.9362739749340108e-06,0.9999980926513672,虚假新闻,虚假新闻,True
news_plf06A00430,6月4号开始疫情看护纾困金？每个月10000？并无此项纾困金补助措施,1,1,2.065572289211559e-06,0.9999979734420776,虚假新闻,虚假新闻,True
news_plf06A00431,帕华洛帝孙女献唱《亲爱的爷爷》影片？并非其孙女！实为荷兰女歌手,1,1,1.981858304134221e-06,0.9999979734420776,虚假新闻,虚假新闻,True
news_plf06A00432,俄罗斯创立「凡尼亚舅舅」取代麦当劳？模拟3D动画！商标与麦当劳无关,1,1,2.014089659496676e-06,0.9999979734420776,虚假新闻,虚假新闻,True
news_plf06A00433,外销水果比国内更便宜？凤梨在日本只卖台币23元？并非在日本的一般价格,1,1,1.862124918261543e-06,0.9999980926513672,虚假新闻,虚假新闻,True
news_plf06A00434,确诊者康复要换新牙刷？避免二次确诊？医师详解相关研究,1,1,2.1263469989207806e-06,0.9999978542327881,虚假新闻,虚假新闻,True
news_plf06A00435,星巴克的大中小杯容量试验影片？容量一样？国际间流传的误导实验,1,1,1.941010623340844e-06,0.9999980926513672,虚假新闻,虚假新闻,True
news_plf06A00436,三军总医院医师传出的讯息录音？满街活体带原者？冒名个人观点讯息,1,1,1.9264602997282054e-06,0.9999980926513672,虚假新闻,虚假新闻,True
news_plf06A00437,防疫补偿确诊者每日可领1000元？政策已修订，确诊者不能申请,1,1,0.04242660477757454,0.9575733542442322,虚假新闻,虚假新闻,True
news_plf06A00438,快筛试剂要在2-30度，最近气温上升要放冰箱？无特别标示不需冷藏,1,1,2.2015533431840595e-06,0.9999978542327881,虚假新闻,虚假新闻,True
news_plf06A00439,辉瑞CEO说要消灭世界一半人口？影片经剪接变造！曲解原始访谈内容,1,1,1.9824954051728128e-06,0.9999979734420776,虚假新闻,虚假新闻,True
news_plf06A00440,WHO世卫组织的阴谋？全球流行病条约以防疫为名成立世界单一政府？虚构说法,1,1,2.062582098005805e-06,0.9999979734420776,虚假新闻,虚假新闻,True
news_plf06A00441,基督教救助协会发免费防疫包？过期资讯！协会澄清2021年7月已结束,1,1,1.9764413536904613e-06,0.9999979734420776,虚假新闻,虚假新闻,True
news_plf06A00442,俄军再次使用云爆弹的影片？电脑特效画面！网友模拟核弹发射短片,1,1,2.0157499420747627e-06,0.9999979734420776,虚假新闻,虚假新闻,True
news_plf06A00443,俄轰炸基辅触底线？白宫发言人宣战？误导贴文讯息！发言人并无发表过相关言论,1,1,2.085454752887017e-06,0.9999979734420776,虚假新闻,虚假新闻,True
news_plf06A00444,指挥中心已将台列入十大疫情危险城市？虚构说法的图片讯息,1,1,1.9098031316389097e-06,0.9999980926513672,虚假新闻,虚假新闻,True
news_plf06A00445,端午防疫来自杨志良的建议？冒名改编谣言！非前卫生署长杨志良所发,1,1,2.0629736354749184e-06,0.9999979734420776,虚假新闻,虚假新闻,True
news_plf06A00446,疫苗变异体大流行？外国著名医师警告？误导说法！病毒突变并非接种疫苗所致,1,1,2.1158768959139707e-06,0.9999978542327881,虚假新闻,虚假新闻,True
news_plf06A00447,乌克兰军官以两种不同身分出现在很多影片？画面中男子并非同一人,1,1,1.920137947308831e-06,0.9999980926513672,虚假新闻,虚假新闻,True
news_plf06A00448,乌克兰难民烧俄罗斯国旗酿民宅火警？移花接木！后制剪接无关影片,1,1,1.9212754978070734e-06,0.9999980926513672,虚假新闻,虚假新闻,True
news_plf06A00449,俄罗斯老百姓纷纷排队去银行存钱救国的图片？实为2007年旧照,1,1,2.0170768948446494e-06,0.9999979734420776,虚假新闻,虚假新闻,True
news_plf06A00450,连续豪雨山崩台湾阿里山出现超大只巨蠎影片？中国景区的装置艺术,1,1,2.1602854758384638e-06,0.9999978542327881,虚假新闻,虚假新闻,True
news_plf06A00451,世卫秘书长谭德塞在巴西酒吧热舞？非本人！当时于德国参加会议,1,1,1.9776989574893378e-06,0.9999979734420776,虚假新闻,虚假新闻,True
news_plf06A00452,网传韩国总统尹锡悦的全家福合照？实为民众献花照片,1,1,2.0527138531178934e-06,0.9999979734420776,虚假新闻,虚假新闻,True
news_plf06A00453,520总统府前交通瘫痪影片？媒体不准播出？实为2021年抗议画面非近期状况,1,1,1.9099270502920263e-06,0.9999980926513672,虚假新闻,虚假新闻,True
news_plf06A00454,民众排队领快筛登BBC影片？台湾不准报？媒体皆有报导！BBC则无相关新闻,1,1,1.9918707039323635e-06,0.9999979734420776,虚假新闻,虚假新闻,True
news_plf06A00455,鱼群暴满花莲港影片？发生大地震前兆？拍摄地点为林口发电厂,1,1,1.8383466340310406e-06,0.9999982118606567,虚假新闻,虚假新闻,True
news_plf06A00456,喝高粱酒杀死新冠病毒？警友会真实经验影片？喝酒无效！本人澄清为玩笑话,1,1,1.933751264004968e-06,0.9999980926513672,虚假新闻,虚假新闻,True
news_plf06A00457,孩童家庭防疫补贴请领图卡？当心过期资讯！务必以近期官方公布资讯为主,1,1,2.0790523649338866e-06,0.9999979734420776,虚假新闻,虚假新闻,True
news_plf06A00458,俄大获全胜乌军全部投降？抓获北约「大鱼」？缺乏根据的虚构内容,1,1,2.180357796532917e-06,0.9999978542327881,虚假新闻,虚假新闻,True
news_plf06A00459,男性精液能抑制新冠病毒的研究报导？变造标题图片！原始报导为讨论双黄连功效,1,1,1.970548510143999e-06,0.9999979734420776,虚假新闻,虚假新闻,True
news_plf06A00460,卫福部门口的抗议今天新闻没有一台敢报？国内多家媒体均有报导,1,1,1.9580820662667975e-06,0.9999980926513672,虚假新闻,虚假新闻,True
news_plf06A00461,咀嚼茶叶半小时可消灭新冠病毒？仅增加唾液分泌，并无杀死病毒的功效,1,1,1.8140204929295578e-06,0.9999982118606567,虚假新闻,虚假新闻,True
news_plf06A00462,教宗亲吻带有纳粹图案的乌克兰国旗？与纳粹无关！该图示非铁十字勋章,1,1,2.0433385543583427e-06,0.9999979734420776,虚假新闻,虚假新闻,True
news_plf06A00463,椰子水配柠檬和盐就不怕确诊新冠的影片？缺乏科学根据说法,1,1,1.9188930764357792e-06,0.9999980926513672,虚假新闻,虚假新闻,True
news_plf06A00464,网传新北市高中职以下停课图片？当心收到过期旧闻！注意日期并以官方资讯为主,1,1,1.928136498463573e-06,0.9999980926513672,虚假新闻,虚假新闻,True
news_plf06A00465,政府不准台湾快筛厂商内销？在香港只售67元？部份错误描述,1,1,1.9890385374310426e-06,0.9999979734420776,虚假新闻,虚假新闻,True
news_plf06A00466,5/15-5/28休闲娱乐场所暂停营业的图卡？已为过期资讯！并非近期规定,1,1,2.09758582059294e-06,0.9999978542327881,虚假新闻,虚假新闻,True
news_plf06A00467,振兴医院魏院长染疫发讯给员工？确实为院长所发关怀同仁的讯息,1,1,6.0707476222887635e-05,0.9999393224716187,虚假新闻,虚假新闻,True
news_plf06A00468,拜登在晚宴说病毒是川普搞出来的影片？把欧洲搞乱发战争财？虚构翻译字幕,1,1,1.9027893358725123e-06,0.9999980926513672,虚假新闻,虚假新闻,True
news_plf06A00469,绿茶配柠檬治愈新冠？名人提醒语音讯息？缺乏相关科学试验佐证,1,1,2.072462621072191e-06,0.9999979734420776,虚假新闻,虚假新闻,True
news_plf06A00470,儿童喝母乳患不明肝炎？与接种疫苗有关？缺乏根据内容！无关疫苗副作用,1,1,1.9442657048784895e-06,0.9999980926513672,虚假新闻,虚假新闻,True
news_plf06A00471,用快筛测自来水也两条？不为人知的黑暗面？使用方式不正确无法作为判读结果,1,1,2.221269824076444e-06,0.9999977350234985,虚假新闻,虚假新闻,True
news_plf06A00472,快筛开放个人进口，中国制的限25剂？目前同样最多100剂,1,1,1.9799390429398045e-06,0.9999979734420776,虚假新闻,虚假新闻,True
news_plf06A00473,网传青少年集体霸凌的影片？转传帮忙肉搜？中国湖北未成年非法拘禁案,1,1,1.9657645680126734e-06,0.9999980926513672,虚假新闻,虚假新闻,True
news_plf04A00072,香港大学隐瞒了疫情的关键信息。,1,1,1.8732142734734225e-06,0.9999980926513672,虚假新闻,虚假新闻,True
news_plf04A00073,中国阻止了从武汉到北京或上海的国内旅行，但在武汉封锁后，中国向世界各地派遣了数十万中国公民来“播种”病毒。,1,1,2.0229351775924442e-06,0.9999979734420776,虚假新闻,虚假新闻,True
news_plf04A00074,维护香港国家安全的立法将危及香港的繁荣与稳定。,1,1,2.2907838683750015e-06,0.9999977350234985,虚假新闻,虚假新闻,True
news_plf04A00075,香港维护国家安全的立法标志着一国两制的结束，剥夺了香港的高度自治权。,1,1,2.0420566215761937e-06,0.9999979734420776,虚假新闻,虚假新闻,True
news_plf04A00076,没有与香港人民就维护香港国家安全的立法进行有意义的协商。因此，这项立法缺乏公众支持。,1,1,2.166476861020783e-06,0.9999978542327881,虚假新闻,虚假新闻,True
news_plf04A00077,中国中央政府单方面将维护香港国家安全的立法强加给香港。,1,1,2.156543359888019e-06,0.9999978542327881,虚假新闻,虚假新闻,True
news_plf04A00078,香港维护国家安全的立法违反了中国在《中英联合声明》下的承诺和义务。,1,1,2.170584366467665e-06,0.9999978542327881,虚假新闻,虚假新闻,True
news_plf04A00079,中国政府镇压了香港的抗议活动和民主宣传。,1,1,1.8434976709613693e-06,0.9999982118606567,虚假新闻,虚假新闻,True
news_plf04A00080,香港警方通过过度使用武力逃脱了惩罚。,1,1,2.4214471068262355e-06,0.999997615814209,虚假新闻,虚假新闻,True
news_plf04A00081,有关维护香港国家安全的立法将使在香港的外国企业难以履行《联合国商业与人权指导原则》规定的尊重人权的责任。,1,1,1.9947942746512126e-06,0.9999979734420776,虚假新闻,虚假新闻,True
news_plf04A00082,香港维护国家安全的立法可能包括定义模糊的罪行，并被中国国家安全当局滥用以压迫人民。,1,1,1.901782411550812e-06,0.9999980926513672,虚假新闻,虚假新闻,True
news_plf04A00083,维护香港国家安全的立法将损害香港居民的人权和基本自由，并违反《公民权利和政治权利国际公约》。,1,1,2.9786790491925785e-06,0.9999970197677612,虚假新闻,虚假新闻,True
news_plf04A00084,素食可以预防新冠肺炎感染。,1,1,1.8858941075450275e-06,0.9999980926513672,虚假新闻,虚假新闻,True
news_plf04A00085,中国政府利用新冠肺炎“消灭”穆斯林。,1,1,1.9581491415010532e-06,0.9999980926513672,虚假新闻,虚假新闻,True
news_plf04A00086,武汉的封锁措施侵犯了公民的人身自由权。,1,1,2.2361437004292384e-06,0.9999977350234985,虚假新闻,虚假新闻,True
news_plf04A00087,中国利用新冠肺炎疫情利用大数据进行大规模监测，侵犯了公民隐私。,1,1,2.0701395442301873e-06,0.9999979734420776,虚假新闻,虚假新闻,True
news_plf04A00088,中国试图掩盖新冠肺炎疫情，导致其在全球传播，感染人数超过1000万。,1,1,1.8246964827994816e-06,0.9999982118606567,虚假新闻,虚假新闻,True
news_plf04A00089,新疆拆除了大量清真寺。,1,1,1.8144669411412906e-06,0.9999982118606567,虚假新闻,虚假新闻,True
news_plf04A00090,中国拘留了李文亮博士和其他举报人。,1,1,1.8813816495821811e-06,0.9999980926513672,虚假新闻,虚假新闻,True
news_plf04A00091,穆塔利普·努尔马马特在从拘留营获释九天后去世。著名维吾尔族作家努尔玛玛特·土赫提在一个拘留营中去世。Sayragul Sawutbay看到人们在逃离中国之前在拘留营遭受酷刑。,1,1,1.9750016235775547e-06,0.9999979734420776,虚假新闻,虚假新闻,True
news_plf04A00092,在新冠肺炎期间，中国政府对新闻记者和医务人员在互联网上行使言论自由权进行了严厉打击。,1,1,2.0583947843988426e-06,0.9999979734420776,虚假新闻,虚假新闻,True
news_plf04A00093,Furqat Jawdat、Arapat Arkin、Zumrat Dawut和其他所谓的“活动家”的家人遭到了“骚扰、监禁或任意拘留”,1,0,0.9999970197677612,2.997335286636371e-06,虚假新闻,真实新闻,False
news_plf04A00094,5G电信网络正在加速新型冠状病毒的传播，因为手机网络抑制了人们的免疫系统。,1,1,1.9477790829114383e-06,0.9999980926513672,虚假新闻,虚假新闻,True
news_plf04A00095,洗手液凝胶比洗手液对冠状病毒更有效。,1,1,0.004018602427095175,0.9959814548492432,虚假新闻,虚假新闻,True
news_plf04A00096,热比娅·卡迪尔的30名亲属未经审判被拘留。,1,1,2.087772827508161e-06,0.9999978542327881,虚假新闻,虚假新闻,True
news_plf04A00097,中国政府对穆斯林的残酷镇压是二战以来前所未有的侵犯人权行为。,1,1,1.8724534811553895e-06,0.9999980926513672,虚假新闻,虚假新闻,True
news_plf04A00098,题为《卡拉OK名单：剖析北京在新疆实习的解剖》的研究论文,1,1,1.902774783957284e-06,0.9999980926513672,虚假新闻,虚假新闻,True
news_plf04A00099,中国以拒绝护照续期为武器，迫使海外维吾尔人返回中国，在那里他们将面临法外拘留。,1,1,1.9350702586962143e-06,0.9999980926513672,虚假新闻,虚假新闻,True
news_plf04A00100,在有关“失踪人员”的媒体报道或社交媒体帖子中，海外维吾尔人讲述了他们在新疆“失去联系”或“失踪”的“家人”和“朋友”的故事。,1,1,2.3070954284776235e-06,0.9999977350234985,虚假新闻,虚假新闻,True
news_plf04A00101,中国政府强迫新疆维吾尔族和其他少数民族绝育、堕胎和节育。,1,1,1.8797172742779367e-06,0.9999980926513672,虚假新闻,虚假新闻,True
news_plf04A00102,当地政府将维吾尔族儿童送到寄宿学校，并将他们与父母分开。,1,1,1.868643039415474e-06,0.9999980926513672,虚假新闻,虚假新闻,True
news_plf04A00103,“结对成家”计划旨在监测新疆的少数民族。,1,1,7.714184903306887e-06,0.9999922513961792,虚假新闻,虚假新闻,True
news_plf04A00104,新疆部分地区的少数民族墓地被拆除。,1,1,2.134463784386753e-06,0.9999978542327881,虚假新闻,虚假新闻,True
news_plf04A00105,维吾尔族妇女Mihrigul Tursun声称，她目睹了9名在押妇女的死亡，她的弟弟在一家职业教育培训中心被虐待致死。,1,1,2.534302666390431e-06,0.9999974966049194,虚假新闻,虚假新闻,True
news_plf04A00106,新疆正在发生针对少数民族的大规模强迫劳动。,1,1,1.8128755527868634e-06,0.9999982118606567,虚假新闻,虚假新闻,True
news_plf04A00107,新疆对当地少数民族进行大规模监视。,1,1,2.0783802483492764e-06,0.9999979734420776,虚假新闻,虚假新闻,True
news_plf04A00108,中国以反恐和去极端化的名义限制新疆维吾尔人的通讯和行动自由。,1,1,1.972825657503563e-06,0.9999979734420776,虚假新闻,虚假新闻,True
news_plf04A00109,新疆打击暴力恐怖活动专项行动旨在以打击恐怖主义为借口镇压少数民族。,1,1,3.8357793528120965e-06,0.9999961853027344,虚假新闻,虚假新闻,True
news_plf04A00110,新疆大规模拘留营中的被拘留者包括美国和澳大利亚的永久居民。,1,1,2.174425162593252e-06,0.9999978542327881,虚假新闻,虚假新闻,True
news_plf04A00111,职业教育和培训中心条件恶劣，缺乏医疗设施。受训人员受到强迫的政治灌输和酷刑，并被剥夺行使宗教习俗、使用当地民族语言等权利。,1,1,1.9951748981839046e-06,0.9999979734420776,虚假新闻,虚假新闻,True
news_plf04A00112,新疆的职业教育培训中心对维吾尔族和其他少数民族进行了“政治灌输和恐吓”。,1,1,2.140803871952812e-06,0.9999978542327881,虚假新闻,虚假新闻,True
news_plf04A00113,中国人食用蝙蝠汤，导致病毒从动物传播给人类。,1,1,1.9214330677641556e-06,0.9999980926513672,虚假新闻,虚假新闻,True
news_plf04A00114,中国重新开放野生动物市场。,1,1,1.8586083569971379e-06,0.9999980926513672,虚假新闻,虚假新闻,True
news_plf04A00115,中国利用新型冠状病毒削弱西方经济。,1,1,2.277739213241148e-06,0.9999977350234985,虚假新闻,虚假新闻,True
news_plf04A00116,从中国进口的医疗用品是假冒伪劣产品。,1,1,2.8083268261980265e-06,0.9999971389770508,虚假新闻,虚假新闻,True
news_plf04A00117,中国帮助其他国家抗击新冠肺炎只是为了扩大其地缘政治影响力。,1,1,2.272098527100752e-06,0.9999977350234985,虚假新闻,虚假新闻,True
news_plf04A00118,中国应对此次疫情负责，必须对世界做出补偿。,1,1,1.93249024960096e-06,0.9999980926513672,虚假新闻,虚假新闻,True
news_plf04A00119,新疆的职业教育和培训中心是拘留100多万维吾尔人的“集中营”。,1,1,1.933583462232491e-06,0.9999980926513672,虚假新闻,虚假新闻,True
news_plf04A00120,12月31日，台湾向世界卫生组织通报了新型冠状病毒的人与人之间传播情况，但该警告没有得到重视。,1,1,6.379510068654781e-06,0.9999935626983643,虚假新闻,虚假新闻,True
news_plf04A00121,中国大陆阻挠台湾加入世界卫生组织，损害了台湾人民的健康。,1,1,2.1325065517885378e-06,0.9999978542327881,虚假新闻,虚假新闻,True
news_plf04A00122,中国操纵世界卫生组织以逃避全球批评。,1,1,1.9835429156955797e-06,0.9999979734420776,虚假新闻,虚假新闻,True
news_plf04A00123,中国粉饰了新冠肺炎确诊病例和死亡病例。,1,1,1.947448481587344e-06,0.9999980926513672,虚假新闻,虚假新闻,True
news_plf04A00124,中国试图通过逮捕告密的医生来压制有关疫情的信息。,1,1,1.9052152993026539e-06,0.9999980926513672,虚假新闻,虚假新闻,True
news_plf04A00125,中国隐瞒了有关这场疫情的关键信息，这场疫情已导致全球范围的疫情。,1,1,1.986786173802102e-06,0.9999979734420776,虚假新闻,虚假新闻,True
news_plf04A00126,新型冠状病毒是由武汉病毒研究所合成的，该研究所位于该病首次发现的城市。,1,1,8.92712068889523e-06,0.9999910593032837,虚假新闻,虚假新闻,True
news_plf04A00127,早在11月中旬，中国就知道了新冠肺炎疫情，但隐瞒了45天。,1,1,2.2174217519932427e-06,0.9999977350234985,虚假新闻,虚假新闻,True
news_plf04A00128,新型冠状病毒是一种中国病毒，因为它来自武汉。,1,1,1.8503192222851794e-06,0.9999980926513672,虚假新闻,虚假新闻,True
news_plf04A00129,严重急性呼吸系统综合征冠状病毒2型是武汉病毒研究所实验室事故的结果。,1,1,2.0044112716277596e-06,0.9999979734420776,虚假新闻,虚假新闻,True
news_plf04A00130,导致新冠肺炎的病毒是在中国的一个实验室中制造的。,1,1,2.0266754745534854e-06,0.9999979734420776,虚假新闻,虚假新闻,True
news_plf04A00131,感染新冠病毒意味着你将终生感染。,1,1,0.0008962336578406394,0.9991037249565125,虚假新闻,虚假新闻,True
news_plf04A00132,暴露在阳光下或高于25摄氏度的温度下可以预防新冠肺炎。,1,1,4.346708010416478e-06,0.9999957084655762,虚假新闻,虚假新闻,True
news_plf04A00133,病毒可以通过无线电波/移动网络传播。,1,1,2.159772520826664e-06,0.9999978542327881,虚假新闻,虚假新闻,True
news_plf04A00134,如果使用免洗洗手液，就不再需要在饭前洗手。,1,1,0.4667840003967285,0.5332160592079163,虚假新闻,虚假新闻,True
news_plf04A00135,柳絮可以传播新型冠状病毒。,1,1,2.0914635570079554e-06,0.9999978542327881,虚假新闻,虚假新闻,True
news_plf04A00136,荷兰一些媒体报道称，荷兰卫生部“因质量问题”召回了一批从中国购买的口罩，声称这些口罩“不适合重症监护室的医护人员”,1,1,0.07112500071525574,0.9288750290870667,虚假新闻,虚假新闻,True
news_plf04A00137,新型冠状病毒可在感染者体内滞留多年，需要终身服用药物。,1,1,2.1714993636123836e-05,0.9999783039093018,虚假新闻,虚假新闻,True
news_plf04A00138,新型冠状病毒可以通过空气传播。,1,1,0.00011188542703166604,0.9998880624771118,虚假新闻,虚假新闻,True
news_plf04A00139,受感染患者使用温度计传播冠状病毒。,1,1,2.1906496840529144e-05,0.9999780654907227,虚假新闻,虚假新闻,True
news_plf04A00140,新型冠状病毒可以通过饮用水传播。,1,1,5.116899956192356e-06,0.9999948740005493,虚假新闻,虚假新闻,True
news_plf04A00141,水果在食用前必须去皮，因为冠状病毒可以在表面存活。,1,1,2.2547806111106183e-06,0.9999977350234985,虚假新闻,虚假新闻,True
news_plf04A00142,淡水鱼不安全，因为它们会传播冠状病毒。,1,1,2.1099667719681747e-06,0.9999978542327881,虚假新闻,虚假新闻,True
news_plf04A00143,新冠肺炎患者无需治疗即可康复。,1,0,0.9999953508377075,4.596342478180304e-06,虚假新闻,真实新闻,False
news_plf04A00144,新冠肺炎病毒不能在气候炎热潮湿的地区传播。,1,1,2.186869778597611e-06,0.9999978542327881,虚假新闻,虚假新闻,True
news_plf04A00145,新型冠状病毒是一种流感。,1,0,0.999994158744812,5.881894139747601e-06,虚假新闻,真实新闻,False
news_plf04A00146,接触病人的汗水会传播病毒。,1,1,2.24077166421921e-06,0.9999977350234985,虚假新闻,虚假新闻,True
news_plf04A00147,丙种球蛋白可以预防新冠肺炎。,1,1,1.932353825395694e-06,0.9999980926513672,虚假新闻,虚假新闻,True
news_plf04A00148,“抗病毒食品”可以对抗新冠肺炎。,1,1,1.9426774997555185e-06,0.9999980926513672,虚假新闻,虚假新闻,True
news_plf04A00149,由于新冠肺炎疫情，中国已禁止出口口罩及相关材料。,1,1,1.9872522898367606e-06,0.9999979734420776,虚假新闻,虚假新闻,True
news_plf04A00150,你可以使用家庭测试工具测试自己是否感染了新型冠状病毒。,1,0,0.9999951124191284,4.899208761344198e-06,虚假新闻,真实新闻,False
news_plf04A00151,在疫情期间，每个城市都需要喷洒消毒剂。,1,1,2.372149538132362e-06,0.999997615814209,虚假新闻,虚假新闻,True
news_plf04A00152,自1月23日起，武汉市进入封锁状态，770名在武汉三所高中学习的新疆学生被拘留在学校，禁止与外界接触，并被限制从事宗教活动。,1,1,2.17004821934097e-06,0.9999978542327881,虚假新闻,虚假新闻,True
news_plf04A00153,喝茶有助于预防新型冠状病毒感染。,1,1,1.9546230305422796e-06,0.9999980926513672,虚假新闻,虚假新闻,True
news_plf11s01281,表面上看，《美墨加协定》从多个方面对《北美自贸协定》进行了更新和修订。然而诸多分析指出，新协定处处体现着特朗普政府的“美国优先”理念和单边主义倾 …,0,0,0.9999978542327881,2.1062555788375903e-06,真实新闻,真实新闻,True
news_plf11s01282,伯尼·桑德斯——政治“局外人”的故事. 【编者按】随着伯尼.桑德斯和乔·拜登在民主党初选中的竞争逐渐白热化，人们也开始重新审视桑德斯的政治前景。. 曾一度被视作“局外人”的桑德斯究竟能否进入政治的 …,0,0,0.9999825954437256,1.7361468053422868e-05,真实新闻,真实新闻,True
news_plf11s01283,马德琳·科贝尔·奥尔布赖特（Madeleine Korbel Albright，1937年5月15日-2022年3月23日），原名玛丽·亚娜·科尔贝洛娃（Marie Jana Korbelová），出生于捷克布拉格，捷克犹 …,0,0,0.9999971389770508,2.8199608550494304e-06,真实新闻,真实新闻,True
news_plf11s01284,有些中国学者将您和《马克思和恩格斯的思想联系》（1983）的作者卡弗教授都归类为马克思恩格斯对立论者。您如何看待这种观点？ 莱文：必须指出，我论证马 …,0,0,0.9999982118606567,1.821631030907156e-06,真实新闻,真实新闻,True
news_plf11s01285,在对外援助领域，美国的影响力是其他国家无法比拟的。. 作为对外援助第一大国，美国预计在2016财年对外提供高达533亿美元的经济援助和军事援助。. 作为对 …,0,0,0.9999974966049194,2.5178103442158317e-06,真实新闻,真实新闻,True
news_plf11s01286,12日，奥巴马在白宫玫瑰园发表讲话时手中拿着即将提交国会的就业法案文本。,0,0,0.9999977350234985,2.2864644506626064e-06,真实新闻,真实新闻,True
news_plf11s01287,美国连续四年年度财政赤字突破1万亿美元，总统奥巴马也被冠上了“赤字总统”的高帽后，美财政 ...,0,0,0.9999974966049194,2.5579772682249313e-06,真实新闻,真实新闻,True
news_plf11s01288,一、税制改革总体思路研究. 把握新发展阶段税制改革的方向、明确总体思路，是更好地发挥税收在推动经济社会高质量发展中的支撑保障作用，开展税制改革重大问 …,0,0,0.9999970197677612,3.027491402463056e-06,真实新闻,真实新闻,True
news_plf11s01289,经梳理，本案二审的争议焦点为：乐融致新公司销售的带开机广告的智能电视是否侵害了消费者购买电视机的选择权；乐融致新公司提供的一键关闭广告功能是否符 …,0,0,0.9999977350234985,2.2246701973926974e-06,真实新闻,真实新闻,True
news_plf11s01290,福克斯新闻名嘴克里斯·华莱士（Chris Wallace）12日突然在自己的新闻节目“福克斯周日新闻”上宣布，将从福克斯新闻离职，加盟竞争对手美国有 …,0,0,0.9999974966049194,2.5034848931682063e-06,真实新闻,真实新闻,True
news_plf11s01291,中新网5月11日电 综合外媒报道，当地时间10日，美国前总统特朗普在新罕布什尔州出席了由美国有线电视新闻网(CNN)主持直播的一场市政厅活动，回答了有关美 …,0,0,0.9999977350234985,2.2868221094540786e-06,真实新闻,真实新闻,True
news_plf11s01292,在格林伯格治下，AIG FP的内部控制非常严格，CDS交易对象限于信用卓著的借款人，如美国蓝筹公司和欧洲3A评级银行。 最重要的是，所有的CDS交易必须要构 …,0,0,0.9999979734420776,2.000147105718497e-06,真实新闻,真实新闻,True
news_plf11s01293,重庆市财政局 国家税务总局重庆市税务局 重庆市民政局关于2021年度-2023年度公益性社会组织捐赠税前扣除资格名单的公告. 根据《中华人民共和国企业所得 …,0,0,0.9999974966049194,2.505761358406744e-06,真实新闻,真实新闻,True
news_plf11s01294,事件背景. 6月7日，“明查”后台收到读者留言，询问奥巴马是否在斯坦福大学的一次演讲中谈及美国干预他国舆论。. 明查. 经查证，截图片段出自今年4月21日奥巴马 …,0,1,0.35819557309150696,0.6418044567108154,真实新闻,虚假新闻,False
news_plf11s01295,"腾讯新闻，事实派。新闻中心,包含有时政新闻、国内新闻、国际新闻、社会新闻、时事评论、新闻图片、新闻专题、新闻论坛、军事、历史、的专业时事报道门户网站",0,0,0.9999411106109619,5.8849687775364146e-05,真实新闻,真实新闻,True
news_plf11s01296,新华社北京8月7日电 人民日报8月8日署名文章：为中华民族伟大复兴打下坚实健康基础——习近平总书记关于健康中国重要论述综述 人民日报记者 汪晓东 张炜 赵 …,0,0,0.9999979734420776,2.057704023172846e-06,真实新闻,真实新闻,True
news_plf11s01297,拜登在乔利埃特指责了佛罗里达州的共和党参议员里克·斯科特和威斯康星州的罗恩·约翰逊，重复声称事实核查人员已经揭穿了他们应该如何取消那些长期存在的谋 …,0,0,0.999997615814209,2.363778094149893e-06,真实新闻,真实新闻,True
news_plf11s01298,是的，无论一个人积储了多么丰富的妙语箴言，也无论他的见解有多高，假使不能利用每一个确实的机会去行动，其性格终不能受到良好的影响。失去美好的意图， …,0,0,0.9999980926513672,1.9357273686182452e-06,真实新闻,真实新闻,True
news_plf11s01299,九一一事件以来，西方对恐怖主义威胁出现了“传统智慧”“本土恐怖主义”和“极端意识形态”三种不同的认知，治理政策经历了“全球反恐战争”“反激进化”和“反极端化” …,0,1,6.805771590734366e-06,0.9999932050704956,真实新闻,虚假新闻,False
news_plf11s01300,为锁定亚太“再平衡”战略，奥巴马政府升级了与日本、韩国、澳大利亚的同盟关系；深化了与越南、印度的防务合作；积极介入东海、南海领土主权争端；调整对中国 …,0,0,0.9999961853027344,3.83601718567661e-06,真实新闻,真实新闻,True
news_plf11s01301,党中央、国务院高度重视就业问题，坚持经济发展就业导向，部署实施一系列促进就业的政策措施，促进经济增长和就业良性循环，为实现更加充分 ...,0,0,0.9999971389770508,2.8180602384964004e-06,真实新闻,真实新闻,True
news_plf11s01302,党的十八大以来，医疗保障事业发展进入新阶段，全民医保改革向纵深推进，我国已建立起覆盖全民的基本医疗保障制度，建立了大病保险等补充医疗保险制度，全 …,0,0,0.9999977350234985,2.2283222733676666e-06,真实新闻,真实新闻,True
news_plf11s01303,报道说，奥巴马讲话时“开玩笑地称拜登为副总统”，并对白宫推出的《平价医疗法案》大加称赞，拜登则对奥巴马在医改法案上的领导作用表示赞扬。 “《平价医疗法 …,0,0,0.9999980926513672,1.8751410379991285e-06,真实新闻,真实新闻,True
news_plf11s01304,随着特朗普竞选总统和拜登可能寻求连任，两人可能会在2024年的选举中对决，这是2020年竞选的重赛。 前总统唐纳德·特朗普上个月在南卡罗来纳州的一次竞选活 …,0,0,0.9999979734420776,2.0532736471068347e-06,真实新闻,真实新闻,True
news_plf11s01305,任务栏上的新闻和兴趣可以轻松访问对你很重要的信息，而不会分散在应用、网站和其他设备之间切换的干扰。 直接在任务栏上查看您位置的当前天气状 … 展开,0,0,0.9999979734420776,2.083325853163842e-06,真实新闻,真实新闻,True
news_plf11s01306,美国政治｜中期选举：民主党输定了吗（上）. 民主党能否在11月的中期选举中“软着陆”，关键看它能否激发起其基本盘的选举热情，并争取到一部分独立选民和温 …,0,0,0.9999983310699463,1.7091211930164718e-06,真实新闻,真实新闻,True
news_plf11s01307,约翰·麦凯恩三世（John Sidney McCain III，1936年8月29日—2018年8月25日），美属巴拿马运河区人，苏格兰、爱尔兰裔美国政治家、共和党重量级人物，曾任亚利桑那州资深联 …,0,0,0.9999980926513672,1.902426447486505e-06,真实新闻,真实新闻,True
news_plf11s01308,美国总统拜登和第一夫人吉尔·拜登一直在与一小群顾问会面，为2024年的总统竞选做准备。 据《华盛顿邮报》11月1日报道，多位熟知拜登竞选计划的知情人士透 …,0,0,0.9999979734420776,2.07591210710234e-06,真实新闻,真实新闻,True
news_plf11s01309,党争大戏演不停，美式民主失民心. 2022年10月12日09:39 | 来源： 海外网. 小字号. 随着美国中期选举临近，美国两党近身肉搏、刺刀见红，党争大戏 ...,0,0,0.9999982118606567,1.8110820292349672e-06,真实新闻,真实新闻,True
news_plf11s01310,【FBN】 美国 福克斯商业电视网 2022年3月 频道动态共计21条视频，包括：节目｜Mornings With Maria Bartiromo、节目｜Varney & Co.、节目｜Cavoto Coast to Coast等，UP主更多精彩视频，请关注UP账号。,0,0,0.9999978542327881,2.167258116969606e-06,真实新闻,真实新闻,True
news_plf11s01311,中国是全球气候变化的敏感区和影响显著区，中国把主动适应气候变化作为实施积极应对气候变化国家战略的重要内容，推进和实施适应气候变化重大战略，开展 …,0,0,0.9999951124191284,4.8741699174570385e-06,真实新闻,真实新闻,True
news_plf11s01312,北京时间9月18日00:30 (英国当地时间17日17:30)，2022/23赛季英超第8轮展开争夺，热刺主场6比2大胜莱斯特城，孙兴慜帽子戏法，凯恩、戴尔和本坦库尔 ...,0,0,0.999997615814209,2.393152271906729e-06,真实新闻,真实新闻,True
news_plf11s01313,在2022年国会中期选举的上半场，共和党候选人利用经济议题吸引了少数族裔的蓝领阶层选民支持，在选举的冲刺阶段，经济议题仍然是共和党手中的 ...,0,0,0.999996542930603,3.3992564567597583e-06,真实新闻,真实新闻,True
news_plf11s01314,编者按：本书是新西兰年轻学者斯科特·汉密尔顿的专著，以英国战后著名的左派学者E.P.汤普森的生平和学术经历为切入点，介绍了他的主要著作，他对于英国工人 …,0,0,0.9999979734420776,2.0492789190029725e-06,真实新闻,真实新闻,True
news_plf11s01315,美国商务部7日发布的数据显示，2022年美国和中国货物贸易总额达6906亿美元，创历史新高。. 国际观察人士认为，尽管美国政府对中国输美商品加征 ...,0,0,0.9999974966049194,2.53067264566198e-06,真实新闻,真实新闻,True
news_plf11s01316,4月29日召开的中共中央政治局会议提出，要坚持房子是用来住的、不是用来炒的定位，支持各地从当地实际出发完善房地产政策，支持刚性和改善性住房需求，优化 …,0,0,0.9999970197677612,3.000658807650325e-06,真实新闻,真实新闻,True
news_plf11s01317,据彭博社5月25日报道，加拿大管理规模最大的养老金投资机构加拿大养老基金投资公司（以下简称为“CPPIB”）总裁兼首席执行官约翰·格雷厄姆（JohnGraham） …,0,0,0.9999979734420776,2.020960664594895e-06,真实新闻,真实新闻,True
news_plf11s01318,俗话说猫有九命，但“奥巴马医改”看上去不止有9条。. 近期，美国联邦最高法院以7票赞成、2 …,0,1,0.021626638248562813,0.9783732891082764,真实新闻,虚假新闻,False
news_plf11s01319,"FIL-14-2005 March 1, 2005 : Payday Lending Programs Revised Examination Guidance. The FDIC is issuing the attached revised examination guidance on payday lending …",0,0,0.9999980926513672,1.9481151412037434e-06,真实新闻,真实新闻,True
news_plf11s01320,1993年，金斯伯格被时任美国总统克林顿提名并确认，成为第二位女性大法官。最近获提名和确认的女性大法官则是由特朗普提名的艾米·科尼·巴雷特大法官。杰克 …,0,0,0.999997615814209,2.326711864952813e-06,真实新闻,真实新闻,True
news_plf11s01321,CBO（国会预算办公室）和OMB（总统预算和管理办公室）在2月份均对美国长期经济进行了假设，CBO的经济预测并没有考虑重建计划的影响，而OMB部分 ...,0,0,0.9999074935913086,9.255271288566291e-05,真实新闻,真实新闻,True
news_plf11s01322,第一条 为了保护个人信息权益，规范个人信息处理活动，促进个人信息合理利用，根据宪法，制定本法。. 第二条 自然人的个人信息受法律保护，任何组织、个人不 …,0,0,0.9999839067459106,1.6134024917846546e-05,真实新闻,真实新闻,True
news_plf11s01323,CCTV节目官网-CCTV-4 中国新闻 [中国新闻]美国：卡车司机前往华盛顿特区 国会山加强警戒 来源： 央视网 2022年02月24日 13:24,0,0,0.9999961853027344,3.824514351435937e-06,真实新闻,真实新闻,True
news_plf11s01324,美国参议院通过了一项不具约束力的议案，要求与伊朗就其核武器计划达成任何可能的协议，这些提议可能会使脆弱的核协议谈判复杂化。,0,0,0.9999982118606567,1.8061075479636202e-06,真实新闻,真实新闻,True
news_plf11s01325,我越来越认识到，长期以来领导层的动荡会对整个众议院产生不可修复的伤害。”博纳在新闻发布会上表示，过程中他再度哽咽，饱含热泪地对自己的家人表示了感 …,0,0,0.9999980926513672,1.943346205734997e-06,真实新闻,真实新闻,True
news_plf11s01326,美国参议员、两届总统候选人约翰·麦凯恩（John McCain）于8月25日因癌症逝世。. 麦凯恩是共和党 …,0,0,0.9998064637184143,0.00019358974532224238,真实新闻,真实新闻,True
news_plf11s01327,首先，划分全球供应链的目标模式；其次，梳理美国针对全球供应链重组所做的布局；最后，讨论中国针对全球供应链重组所提出的举措。 全球供应链的三种目标 …,0,0,0.9999980926513672,1.9066420691160602e-06,真实新闻,真实新闻,True
news_plf11s01328,当地时间5月5日，美国总统拜登通过白宫声明宣布，佐治亚州存在重大灾难。拜登下令联邦政府提供援助，以帮助州政府和地方政府恢复及修缮在今年3月25日至3 …,0,0,0.9998444318771362,0.00015549927775282413,真实新闻,真实新闻,True
news_plf11s01329,本报告期基金权益净增加1568.01亿元，其中：全国社保基金权益净增加1415.60亿元，包括财政性拨入净增加308.14亿元，投资收益1083.69亿元，股权资产准 …,0,0,0.9999979734420776,2.0689751636382425e-06,真实新闻,真实新闻,True
news_plf11s01330,推动这些限制措施的参议员乔·曼钦（Joe Manchin）表示，电动汽车不应依赖外国供应链，但密歇根州参议员黛比·斯塔贝诺（Debbie Stabenow）则表示，这种强 …,0,0,0.9999967813491821,3.2730922612245195e-06,真实新闻,真实新闻,True
news_plf11s01331,小石城启用了希拉里儿童图书馆与学习中心，城市的机场被改名为比尔与希拉里·克林顿国民机场。ABC新闻台甚至将2013年列为“全民向希拉里颁奖之年”，从《白宫女总统》、《女副总统》到《女国务卿》， …,0,0,0.9999974966049194,2.479778004271793e-06,真实新闻,真实新闻,True
news_plf11s01332,布局建设80余个国家能源研发中心和国家能源重点实验室，围绕煤炭、石油、天然气、火电、核电、可再生能源、能源装备重点领域和关键环节开展研究，覆盖当 …,0,0,0.9999963045120239,3.708154963533161e-06,真实新闻,真实新闻,True
news_plf11s01333,最早的文献中的皮克特[Pict]是出现在西元297年，古罗马时期的创作者Eumenius所著作的颂词里。此外，依照字本身的拉丁文含意，''Picti''常被认为有「 … 展开,0,0,0.9999978542327881,2.172360836993903e-06,真实新闻,真实新闻,True
news_plf11s01334,对使用房产抵押的贷款，银行业金融机构要加强抵押物估值管理，合理把握贷款抵押成数。 重点审查房产交易完成后短期内申请经营用途贷款的融资需求合理性， …,0,0,0.9999971389770508,2.8177482818136923e-06,真实新闻,真实新闻,True
news_plf11s01335,周四（6月16日），调查2021年美国国会暴动事件的众议院委员会几乎把全部精力集中在迈克·彭斯（Mike Pence）在避免宪法危机中发挥的作用上，而这位前副总 …,0,0,0.9999982118606567,1.7956964484255877e-06,真实新闻,真实新闻,True
news_plf11s01336,2021年04月08日. Barbara Finamore无疑是推动中国清洁能源建设的重要人物。. 在中国生活和工作近30年，她对中国有着非同寻常的情结。. 获得哈佛大学法学院 …,0,0,0.9999958276748657,4.20817605117918e-06,真实新闻,真实新闻,True
news_plf11s01337,今年美国总统候选人共举行三场电视辩论，第二、三场辩论将分别于10月15日和22日在佛罗里达州迈阿密和田纳西州纳什维尔举行。此外，副总统彭斯和民主党 …,0,0,0.9999980926513672,1.8836005892808316e-06,真实新闻,真实新闻,True
news_plf11s01338,10月19日，在美国拉斯维加斯的内华达大学拉斯维加斯分校，美国民主党总统候选人希拉里·克林顿与美国共和党总统候选人唐纳德·特朗普（未在 ...,0,0,0.9999980926513672,1.8928998315459467e-06,真实新闻,真实新闻,True
news_plf11s01339,2022书影音报告. 规则改变 Game Change(2012) 导演: 杰伊·罗奇编剧: 丹尼·斯特朗主演: 朱丽安·摩尔/ 伍迪·哈里森/ 艾德·哈里斯/ 莎拉·保罗森/ 朗·里维斯顿/ 彼特·麦 …,0,0,0.9999980926513672,1.9615360997704556e-06,真实新闻,真实新闻,True
news_plf11s01340,推动医保高质量发展是从粗放扩张型发展转为质量效益型发展的过程。医保的高质量发展，就是民生领域从“有没有”到“好不好”的发展，是持续奋斗、渐进实现共同 …,0,0,0.9999974966049194,2.4638284230604768e-06,真实新闻,真实新闻,True
news_plf11s01341,第一，国会议员将成为强化中美战略竞争态势的新动力。 经济全球化导致美国贫富分化加剧，社会阶层固化、文化撕裂必然塑造国会议员的政策偏好，在美国对华政 …,0,1,0.0004542070091702044,0.9995457530021667,真实新闻,虚假新闻,False
news_plf11s01342,据报道，废弃选举结果的压力一直持续到1月6日晚，伊斯特曼曾通知彭斯的法律顾问，彭斯仍有时间拒绝认证拜登的胜利，尽管当时国会大厦里暴力 ...,0,0,0.9999943971633911,5.661409886670299e-06,真实新闻,真实新闻,True
news_plf11s01343,当地时间11月18日，据《华盛顿邮报》报道，美国众议员哈基姆·杰弗里斯（Hakeem Jeffries）宣布竞选众议院民主党领袖。. 如果被众议院民主党人选中，杰弗里斯 …,0,0,0.9999979734420776,1.98949373952928e-06,真实新闻,真实新闻,True
news_plf11s01344,"昨天，拜登再有大动作：推翻了川普前政府对堕胎的限制，重启奥巴马医改这两个话题在美国一直颇有争议,也是民主党与共和两党歧见最深的议题！01拜登再出重锤！声称”扭转川普 …",0,0,0.9999982118606567,1.8454942392054363e-06,真实新闻,真实新闻,True
news_plf11s01345,浦发银行信用卡中心屡次被罚背后：信用卡收入连续缩水 不良率走高. 5月13日，银保监会上海银保监局行政处罚信息公开表显示，上海浦东发展银行 ...,0,0,0.9999979734420776,2.0378622593852924e-06,真实新闻,真实新闻,True
news_plf11s01346,【主讲】黄智，美国肯塔基大学加顿经济与商务学院管理系助理教授 【主题】首席执行官在职业早期关于宏观收购活动的经历对企业随后收购倾向的长期影响 【 …,0,0,0.9999982118606567,1.7422172504666378e-06,真实新闻,真实新闻,True
news_plf11s01347,当地时间9月1日晚间，拜登在宾夕凡尼亚州费城极具历史意义的独立厅发表全国讲话称，特朗普所带领的“MAGA共和党人”正在煽动政治暴力、破坏平等与民主，并 …,0,0,0.9999979734420776,2.031218855336192e-06,真实新闻,真实新闻,True
news_plf11s01348,国内成品油价格-国家发展和改革委员会. 首页 > 新闻动态 > 专题专栏 > 国内成品油价格. 2021年12月3日24时起国内成品油价格按机制下调 2021/12/03. 2021年11 …,0,0,0.9999972581863403,2.6848788365896326e-06,真实新闻,真实新闻,True
news_plf11s01349,而“公民新闻”的实践更加灵活，低成本使得公众都可能是“公民新闻”的参与者。公众向媒体提供新闻线索或信息、或者在论坛发表评论、留言、开设博客等行为，都可 …,0,0,0.9999973773956299,2.6602656362229027e-06,真实新闻,真实新闻,True
news_plf11s01350,美共和党阻击特朗普 克鲁兹卡西奇敲定盟约---美国共和党总统竞选人特德·克鲁兹和约翰·卡西奇24日晚间放出消息，他们将组成“联盟”，阻击唐纳德·特朗普获得共 …,0,0,0.9999980926513672,1.93585287888709e-06,真实新闻,真实新闻,True
news_plf11s01351,"为贯彻落实新修订的《中华人民共和国未成年人保护法》关于保护未成年人免受烟侵害的规定,依法保障和维护未成年人身体健康和合法权益,国家烟草专卖局、国家 …",0,0,0.9999974966049194,2.4607243176433258e-06,真实新闻,真实新闻,True
news_plf11s01352,2016年美国总统候选人首场电视辩论在特朗普和民主党候选人希拉里·克林顿之间进行，据美国尼尔森公司公布的数据，约8400万人观看了直播，创下美国总统候 …,0,0,0.9999980926513672,1.8751070456346497e-06,真实新闻,真实新闻,True
news_plf11s01353,在世贸遗址附近新建清真寺的反对者和支持者都计划9月11日在纽约举行集会。 开斋节期间示威不断 9月11日正值伊斯兰教的开斋节。,0,0,0.9999980926513672,1.8618654848978622e-06,真实新闻,真实新闻,True
news_plf11s01354,人民日报：全面提高资源利用效率. 陆 昊. 2021年01月15日06:24 | 来源： 人民网－人民日报. 小字号. 党的十九届五中全会通过的《中共中央关于制定国民经济和社 …,0,0,0.9999980926513672,1.9524431991158053e-06,真实新闻,真实新闻,True
news_plf11s01355,"200美国共和党总统候选人麦凯恩和民主党对手奥巴马15日晚进行了第三场也是最后一场总统候选人辩论。 此前的最新民调显示,奥巴马以53%的支持率领先于麦凯恩 …",0,0,0.9999980926513672,1.9644789972517174e-06,真实新闻,真实新闻,True
news_plf11s01356,整治网络“自媒体”乱象在行动。记者5月27日从中央网信办获悉，3月10日至5月22日，“清朗·从严整治‘自媒体’乱象”专项行动累计清理违规信息超过141万条，永久关 …,0,0,0.9999977350234985,2.2585013539355714e-06,真实新闻,真实新闻,True
news_plf11s01357,3月23日，教育部召开新闻发布会，介绍2022年全国教育事业发展基本情况。记者从新闻发布会上获悉：2022年全国共有各级各类学校51.85万所，学历教育在校生2.93亿人，专任教师1880.36万人。新增劳动力平均受教育年限达14年。,0,0,0.9999973773956299,2.612292064441135e-06,真实新闻,真实新闻,True
news_plf11s01358,吉姆·琼斯（1931年—1978年11月18日），男，美国公民，原是一名基督教牧师，出生在印第安纳波利斯附近一个只有900多居民的小镇林恩。1949年，吉姆·琼斯进入印第安纳大学。据说他用了十年时间，断断续续地听课，才 …,0,0,0.9921278953552246,0.007872147485613823,真实新闻,真实新闻,True
news_plf11s01359,二十一、外长们重申支持以世界贸易组织为核心、透明、以规则为基础、开放、包容和非歧视的多边贸易体系，并为此重申支持必要和迫切的改革，维护世界贸易组 …,0,0,0.9999966621398926,3.319249799460522e-06,真实新闻,真实新闻,True
news_plf11s01360,各地要加强本行政区域内牲畜耳标监督管理工作，加强区域畜禽标识信 …,0,0,0.9999954700469971,4.557713054964552e-06,真实新闻,真实新闻,True
news_plf11s01361,特别是一些不文明行为、失德败德现象久治不绝，凸显了公民道德建设的长期性和复杂性。 为什么道德失范现象久治不绝？ 德是人之本，人无德不立。为何一些公民的道德失范现象久治不绝？ 从客观因素 …,0,0,0.9999979734420776,2.0785746528417803e-06,真实新闻,真实新闻,True
news_plf11s01362,"最高人民法院数字图书馆,囊括了国内外190个数据库1.0239亿篇文献,法律培训音视频达8046小时,文献总字数达到1.8376万亿字,共设六大版块、八大类数据库、十五 …",0,0,0.9999969005584717,3.0730914204468718e-06,真实新闻,真实新闻,True
news_plf11s01363,强化全民健身激励，探索建立全国统一的“运动银行”制度和个人运动码，开发标准统一的科学运动积分体系，向国家体育锻炼标准和体育运动水平等级标准达标者颁发 …,0,0,0.9999966621398926,3.3707488000800367e-06,真实新闻,真实新闻,True
news_plf11s01364,在第6个“全民国家安全教育日”来临之际，国家安全机关向《法治日报》记者介绍了当前我国政治安全形势和近年来国家安全机关侦办的4起危害国家安全典型案例。. …,0,0,0.9999939203262329,6.086218490963802e-06,真实新闻,真实新闻,True
news_plf11s01365,微软全国广播公司英文缩写为MSNBC。由美国全国广播公司（NBC）和微软公司联合开办。使得受众既可以在家通过电视机收看有线电视的MSNBC节目，也可以通过电 … 展开,0,0,0.999997615814209,2.341538902328466e-06,真实新闻,真实新闻,True
news_plf11s01366,在唐纳德·特朗普出现和质疑2020年选举之前，美国选举的可靠性是毫无疑问的。 因为每个州都是单独进行选举，并不存在中央联邦监督选举的机构。 尽管每个州 …,0,1,2.669776222319342e-06,0.9999973773956299,真实新闻,虚假新闻,False
news_plf11s01367,澎湃新闻. 2018-09-02 07:50 澎湃新闻官方帐号. 关注. 当地时间2018年8月27日，乌克兰基辅，在美国驻乌克兰大使馆外，民众献花悼念已故美国参议员约翰·麦凯 …,0,0,0.9999982118606567,1.8015077785094036e-06,真实新闻,真实新闻,True
news_plf11s01368,"2022年国防战略 (PDF, 7.9M 英文) 今天，国防部发布了非保密的《国防战略》（National Defense Strategy）、《核态势评估》（Nuclear Posture Review）和《导弹防御评估 …",0,0,0.9999982118606567,1.7739465647537145e-06,真实新闻,真实新闻,True
news_plf11s01369,美媒：为什么俄军不到一个月就损失了五名将军？美国前陆军上将大卫·彼得雷乌斯（David Petraeus）： 俄罗斯在部队管理方面存在问题。乌克兰方面干扰了通 …,0,0,0.9999977350234985,2.3016211798676522e-06,真实新闻,真实新闻,True
news_plf11s01370,麦凯恩骨子里有点浪漫情怀，是“爱江山又爱美人”的，麦凯恩最爱看的是悲剧电影，悲剧英雄往往是崇高的，他们会为了不可能达到的目标而牺牲生命。. 骨子里不乏浪漫主义情怀的 …,0,0,0.9999933242797852,6.695225238217972e-06,真实新闻,真实新闻,True
news_plf11s01371,据美国有线电视新闻网（CNN）和当地媒体报道，在上周末（6月18日至19日）举行的得州代表大会上，共和党通过了一份长达40页的新党纲。 在第6页题为“国 …,0,0,0.9999978542327881,2.196675040977425e-06,真实新闻,真实新闻,True
news_plf11s01372,新华社纽约10月7日电（记者刘亚南）美国纽约市长埃里克·亚当斯7日宣布，由于过去几个月从南部边境地区转运来的寻求庇护的移民数量超出当地应对能力，纽约 …,0,0,0.9999980926513672,1.94918561646773e-06,真实新闻,真实新闻,True
news_plf11s01373,当地时间3月27日，发生在美国田纳西州一所小学的恶性枪击事件，再一次触动了人们敏感的神经。. 在短短几分钟的时间里，6条无辜的生命丧命于枪口之下。. 而根 …,0,0,0.999997615814209,2.391092266407213e-06,真实新闻,真实新闻,True
news_plf11s01374,泉州市住房和城乡建设局关于开展2021年下半年全市房地产估价机构信用评估报告质量检查工作的通知-环境保护公共卫生安全生产食品药品产品质量的监督检查 …,0,0,0.9999978542327881,2.111786443492747e-06,真实新闻,真实新闻,True
news_plf11s01375,2000年：在线报税系统 同年，爱沙尼亚创建了在线纳税申报系统，旨在通过最大限度地增加国家税收，以满足发展中社会日益增长的需求。在二十年后的今天，爱 …,0,0,0.999997615814209,2.382910452070064e-06,真实新闻,真实新闻,True
news_plf11s01376,美国汽车工业电动化转型步履维艰. 本报记者 王林 《 中国能源报 》（ 2022年09月26日 第 05 版）. 9月14日，美国总统拜登在底特律车展上表示，将推动美国 …,0,0,0.9999978542327881,2.1399303022917593e-06,真实新闻,真实新闻,True
news_plf11s01377,美国共和党重夺众议院多数席位 拜登宣布愿意与之合作. 2022年11月17日. 来自媒体网络的预期显示，美国共和党在上周举行的国会中期选举中获得218个席位后， …,0,0,0.9999978542327881,2.142997800547164e-06,真实新闻,真实新闻,True
news_plf11s01378,国家卫健委：白肺与原始毒株和疫苗接种没有关系,0,0,0.9999982118606567,1.8400991166345193e-06,真实新闻,真实新闻,True
news_plf11s01379,新华社北京9月19日电 题：中国特色强军之路的时代答卷——新时代推进国防和军队建设述评 新华社记者 黄明 党的十八大以来，中国特色社会主义进入新时代，国 …,0,0,0.9999977350234985,2.2474232537206262e-06,真实新闻,真实新闻,True
news_plf11s01380,新华社北京5月13日电 美国总统约瑟夫·拜登12日下令白宫和所有联邦公共建筑物降半旗，以哀悼因感染新冠病毒死亡的百万民众。. 白宫 …,0,0,0.9999978542327881,2.122572595908423e-06,真实新闻,真实新闻,True
news_plf11s01381,任务栏上的新闻和兴趣可以轻松访问对你很重要的信息，而不会分散在应用、网站和其他设备之间切换的干扰。 直接在任务栏上查看您位置的当前天气状况，并将鼠标悬停在图标上，以查看简洁、可扫描的信息，从体育和股票到本地新闻和突 … 展开,0,0,0.9999980926513672,1.9279455045762006e-06,真实新闻,真实新闻,True
news_plf11s01382,这张9月29日在美国弗吉尼亚州阿灵顿拍摄的视频画面显示，美国总统特朗普（左）与美国民主党总统候选人拜登在俄亥俄州克利夫兰市参加2020年美国总统候选 …,0,0,0.999997615814209,2.3835104911995586e-06,真实新闻,真实新闻,True
news_plf11s01383,李欣认为，《通知》对评级机构内部建设和外部评级生态等多方位进行了全面的规范，对目前评级行业最为核心且亟需解决的评级质量问题予以重点监管，有助于评 …,0,0,0.9999971389770508,2.895522129620076e-06,真实新闻,真实新闻,True
news_plf11s01384,从辩论钟声敲响开始，特朗普就以一个侵略者的身份出现，几乎是有意的在拜登发言时不停插话：把这位以政治家身份参选、承诺要恢复美国灵魂的前副总统拉入一场泥泞的较量。 整个晚上他都在冲撞和挤兑拜登以及主持人克里斯·华莱士。但他的目标（除了极力将比赛搅得错综复杂外）并不那么明确。特朗普似乎主要集中在削 … 展开,0,0,0.9999980926513672,1.9477233763609547e-06,真实新闻,真实新闻,True
news_plf11s01385,中新网5月11日电 综合外媒报道，当地时间10日，美国前总统特朗普在新罕布什尔州出席了由美国有线电视新闻网(CNN)主持直播的一场市政厅活动，回答了有关美 …,0,0,0.9999977350234985,2.2868221094540786e-06,真实新闻,真实新闻,True
news_plf11s01386,近期新闻. 2023年 5月 11日. 微软携手六大行业领军企业，组建“智能创新汇”，持续发力数字创新. 2023年 5月 4日. 牧羊少年与修车学徒，他们都在奔赴自己的春天. 2023年 4月 26日. …,0,0,0.9999977350234985,2.322429054402164e-06,真实新闻,真实新闻,True
news_plf11s01387,美国共和党资深参议员约翰‧麦凯恩（John Mccain）逝世，终年81岁。 他在2017年7月确诊患有脑肿瘤。 麦凯恩的家人发表声 …,0,0,0.9999979734420776,2.0814429717574967e-06,真实新闻,真实新闻,True
news_plf11s01388,中新网8月31日电 据香港明报报道，美国共和党总统候选人麦凯恩 (John McCain)，选出名不经传的佩林 (Sarah Palin)当副总统候选人，掀起舆论热议。. 有传媒 …,0,0,0.9999442100524902,5.5755361245246604e-05,真实新闻,真实新闻,True
news_plf11s01389,一直以来，通过主流媒体了解政治是普通百姓获取政治信息的主要渠道，但与其他类型的新闻相比，政治新闻往往缺乏互动，其原因有二：一是政治 ...,0,0,0.9999972581863403,2.7659800707624527e-06,真实新闻,真实新闻,True
news_plf11s01390,组建医联体1.5万个，已开展的7批集采中选药品平均降价超过50%，居民个人卫生支出所占比重下降到27.7%……国家卫生健康委22日举行的新闻发布会上发布的数 …,0,0,0.9999978542327881,2.101500058415695e-06,真实新闻,真实新闻,True
news_plf11s01391,"在美国，毒品最泛滥的地方非纽约州莫属。据毒品管制局介绍，这里的海洛因发案率在4年内增长了67%，几乎占到全美发案率的五分之一。同时,越来越多的毒贩开 …",0,0,0.9999978542327881,2.124064849340357e-06,真实新闻,真实新闻,True
news_plf11s01392,12月7日至23日，中国国民党革命委员会、中国民主同盟、中国民主建国会、中国民主促进会、中国农工民主党、中国致公党、九三学社、台湾民主自治同盟在北京 …,0,0,0.9999967813491821,3.224093688913854e-06,真实新闻,真实新闻,True
news_plf11s01393,里克·桑托勒姆（Richard John Santorum，1958年5月10日— ），又译李三多，是美国一名来自宾夕法尼亚州的共和党前参议员，2012年美国总统选举共和党候选人。. 他在社会和财 …,0,0,0.9999974966049194,2.4497821868862957e-06,真实新闻,真实新闻,True
news_plf11s01394,社会保障是保障和改善民生、维护社会公平、增进人民福祉的基本制度保障。党的二十大代表们纷纷表示，新时代这十年，我国社会保障体系建设进入快车道，建 …,0,0,0.999996542930603,3.4820684504666133e-06,真实新闻,真实新闻,True
news_plf11s01395,美国劳动力统计信息 劳动力、劳动力参与率，以及按年龄、性别、种族和人种划分的非机构平民人口 。 此数据集来源于美国劳工统计局 (BLS) 发布的当前就业统计 …,0,0,0.999997615814209,2.4245389340649126e-06,真实新闻,真实新闻,True
news_plf11s01396,对此，希拉里没有直接回应特朗普对自己丈夫的指责，而是将矛盾继续直指特朗普“视频门”，称特朗普对许多少数种族存在歧视，对奥巴马出生地指责最为过分， …,0,0,0.999997615814209,2.4234502689068904e-06,真实新闻,真实新闻,True
news_plf11s01397,威拉德·米特·罗姆尼. 米特·罗姆尼（Willard Mitt Romney）（1947年3月12日－），美国政治家、企业家，马萨诸塞州第70任州长。. 此外，他还曾担任贝恩资本 …,0,0,0.9999978542327881,2.1713772184739355e-06,真实新闻,真实新闻,True
news_plf11s01398,新华社北京9月29日电 题：奋力开创中国特色大国外交新局面——“中国这十年”系列主题新闻发布会聚焦新时代外交工作 新华社记者伍岳、成欣 党的十八大以来，以习近平同志为核心的党中央领导我国对外工作攻坚克难、砥砺前行，取得了全方位 ...,0,0,0.9999979734420776,2.024597051786259e-06,真实新闻,真实新闻,True
news_plf11s01399,唐一军指出，长期以来，中国司法部 与新加坡律政部保持着良好合作关系，共同签署了《中华人民共和国司法部和新加坡共和国律政部交流与合作谅解备忘录》， …,0,0,0.9999924898147583,7.516784080507932e-06,真实新闻,真实新闻,True
news_plf11s01400,负责主办总统辩论的非党派组织总统辩论委员会（Commission on Presidential Debates，CPD）在其官网发表声明说，原定于10月15日在迈阿密举行的第二 …,0,0,0.9999980926513672,1.9073459043283947e-06,真实新闻,真实新闻,True
news_plf11s01401,报道称，拜登在哈伦代尔滩举行的一次活动中欢迎佛罗里达州民主党众议员黛比·沃瑟曼·舒尔茨时把对方说成了参议员。,0,0,0.9999978542327881,2.147162831533933e-06,真实新闻,真实新闻,True
news_plf11s01402,首场听证会上呈现了在特朗普任内辞职的前司法部长威廉·巴尔、特朗普女儿伊万卡的预录制视频证词。 听证会首份视频证词出自巴尔。 他说，自己当时告诉特朗 …,0,0,0.9999980926513672,1.9488791167532327e-06,真实新闻,真实新闻,True
news_plf11s01403,奥巴马近日在致其支持者的一封邮件中证实，本次大选他将入不敷出。他的竞选团队无法赢得“广告大战”，在一些州，罗姆尼竞选团队在电视广告中的投入至少比奥 …,0,0,0.9999972581863403,2.707968178583542e-06,真实新闻,真实新闻,True
news_plf11s01404,数据新闻可视化报道，哪些选题做起来好上手，好掌握？数据新闻可视化的选题范围太广，时政、社会、财经、突发事件、国际热点、文体娱港澳侨。。。等等，只 …,0,0,0.9999982118606567,1.7513043530925643e-06,真实新闻,真实新闻,True
news_plf11s01405,原标题：儿童代言，该不该管？. 日前，《中华人民共和国广告法(修订草案)》（以下简称二审稿）向人大进行汇报当中明确禁止10周岁以下儿童做广告代言人。. …,0,0,0.999997615814209,2.3539923859061673e-06,真实新闻,真实新闻,True
news_plf11s01406,美国凯撒家庭基金会（Kaiser Family Foundation）的2021年雇主健康福利调查（2021 Employer Health Benefits Survey）显示，在过去一年里，雇主承担的医保 …,0,0,0.9999978542327881,2.1127696072653634e-06,真实新闻,真实新闻,True
news_plf11s01407,任务栏上的新闻和兴趣可以轻松访问对你很重要的信息，而不会分散在应用、网站和其他设备之间切换的干扰。 直接在任务栏上查看您位置的当前天气状 … 展开,0,0,0.9999979734420776,2.083325853163842e-06,真实新闻,真实新闻,True
news_plf11s01408,"在美国，毒品最泛滥的地方非纽约州莫属。据毒品管制局介绍，这里的海洛因发案率在4年内增长了67%，几乎占到全美发案率的五分之一。同时,越来越多的毒贩开 …",0,0,0.9999978542327881,2.124064849340357e-06,真实新闻,真实新闻,True
news_plf11s01409,保护租房者权益迫在眉睫 居者有其屋，除了购房，租房是一条重要的途 …,0,0,0.9999980926513672,1.8881185042118886e-06,真实新闻,真实新闻,True
news_plf11s01410,据知情人士透露，美国蓝十字蓝盾协会已就代表顾客提出的一起大规模反垄断诉讼达成初步和解，该协会需因此支付约27亿美元，并减少据称限制了其30多家成员 …,0,0,0.9999978542327881,2.0885970570816426e-06,真实新闻,真实新闻,True
news_plf11s01411,特朗普还称，“从现在开始到2024年选举日，我要付出前所未有的努力来抗争，不会让民主党摧毁我们的国家。” 在特朗普发表演讲的同时，他的支持者邮箱中也收 …,0,0,0.9997832179069519,0.00021674585877917707,真实新闻,真实新闻,True
news_plf11s01412,任务栏上的新闻和兴趣可以轻松访问对你很重要的信息，而不会分散在应用、网站和其他设备之间切换的干扰。 直接在任务栏上查看您位置的当前天气状况，并将鼠标悬停在图标上，以查看简洁、可扫描的信息，从体育和股票到本地新闻和突 … 展开,0,0,0.9999980926513672,1.9279455045762006e-06,真实新闻,真实新闻,True
news_plf11s01413,海外网5月26日电 据美国福克斯新闻网5月25日报道，福克斯实施的一项最新民调显示，超八成的美国民众对国家经济持负面看法，比例相比4月进一步提升。. 此 …,0,0,0.9938965439796448,0.0061034164391458035,真实新闻,真实新闻,True
news_plf11s01414,拜登称关于大麻的新政实现了他2020年竞选总统时的承诺。2020年美国总统竞选期间，拜登承诺推动针对大麻管理政策的改革，他虽然不支持大麻娱乐使用合法化，但开始支持对大麻采取去罪化的立场。 …,0,0,0.999981164932251,1.8822302081389353e-05,真实新闻,真实新闻,True
news_plf11s01415,当前和今后一个时期，我国发展仍然处于重要战略机遇期，但机遇和挑战都有新的发展变化。我们的判断是危和机并存、危中有机、危可转机，机遇更具有战略性、 …,0,0,0.9999974966049194,2.528971663195989e-06,真实新闻,真实新闻,True
news_plf11s01416,经美国食品药品监督管理局（FDA）确认，召回产品由美国J.M.Smucker公司在肯塔基州的列克星敦工厂生产，批号前七位为1274425至2140425且第5至第7位 …,0,0,0.9999978542327881,2.105779458361212e-06,真实新闻,真实新闻,True
news_plf11s01417,香港回归祖国25周年前夕，香港特别行政区立法会主席梁君彦接受记者采访。回望过去25年立法会发展历程，梁君彦感慨万千；展望未来，他满怀信心：“相信下一 …,0,0,0.9999972581863403,2.7917760689888382e-06,真实新闻,真实新闻,True
news_plf11s01418,12月7日至23日，中国国民党革命委员会、中国民主同盟、中国民主建国会、中国民主促进会、中国农工民主党、中国致公党、九三学社、台湾民主自治同盟在北京 …,0,0,0.9999967813491821,3.224093688913854e-06,真实新闻,真实新闻,True
news_plf11s01419,新华社巴格达8月31日电 （国际观察）伊拉克乱局根源何在. 新华社记者凡帅帅 董亚雷. 伊拉克什叶派宗教领袖萨德尔8月30日下午发表电视讲话，要求闯入巴格达“ …,0,0,0.9999958276748657,4.143756541452603e-06,真实新闻,真实新闻,True
news_plf11s01420,事件背景. 6月7日，“明查”后台收到读者留言，询问奥巴马是否在斯坦福大学的一次演讲中谈及美国干预他国舆论。. 明查. 经查证，截图片段出自今年4月21日奥巴马 …,0,1,0.35819557309150696,0.6418044567108154,真实新闻,虚假新闻,False
news_plf11s01421,教育部党组书记、部长 陈宝生. （2021年1月7日）. 同志们：. 今天，我们召开全国教育工作会议，学习贯彻党的十九大和十九届二中、三中、四中、五中全会精神， …,0,0,0.9999969005584717,3.0783801321376814e-06,真实新闻,真实新闻,True
news_plf11s01422,泽西海岸的演员们发誓他们将永远在一起度假。现在，五年了，五个孩子，三次婚姻，谁知道有多少次GTL课程之后，这帮人又回到了一起，在迈阿密海滩的一所 …,0,0,0.9999982118606567,1.7560338392286212e-06,真实新闻,真实新闻,True
news_plf11s01423,澎湃新闻 | 2022年06月26日 06:32:53. 原标题：图解｜是谁拿走了美国女性堕胎的权利？. 当地时间6月24日，美国最高法院裁决推翻“罗诉韦德案”。. 这项裁决曾 …,0,1,0.0018015432870015502,0.9981984496116638,真实新闻,虚假新闻,False
news_plf11s01424,（一）2021年新生儿名字使用最多的50个字 2021年出生并已经进行户籍登记的新生儿名字中，使用频率最高的50个字依次为泽、梓、子、宇、沐等。与2020年相 …,0,0,0.9999982118606567,1.7302639889749116e-06,真实新闻,真实新闻,True
news_plf11s01425,2007年2月10日，奥巴马在伊利诺伊州首府斯普林菲尔德正式宣布参加2008年总统竞选。 那里正是美国总统林肯1858年首次发表著名的反奴隶制演说的地方。,0,0,0.9999972581863403,2.743748382272315e-06,真实新闻,真实新闻,True
news_plf11s01426,2021年1月4日晚，重庆大学-辛辛那提大学联合学院、弘深学院及重庆大学“启航计划”名师工作室共同举办的首届“深”动我“辛”杯英语演讲比赛在辛辛那提学院203会议 …,0,0,0.9999979734420776,1.971892515939544e-06,真实新闻,真实新闻,True
news_plf11s01427,马斯克收购推特：推特未来可能出现的四个变化 2022年4月28日,0,0,0.9999982118606567,1.755400944603025e-06,真实新闻,真实新闻,True
news_plf11s01428,出生人口性别比从2013年的118降至2020年的111左右。 历次生育政策的调整完善，无不牵动社会各界关注的目光。,0,0,0.9999964237213135,3.5958707940153545e-06,真实新闻,真实新闻,True
news_plf11s01429,（观察者网讯）福克斯新闻名嘴克里斯·华莱士（Chris Wallace）12日突然在自己的新闻节目“福克斯周日新闻”上宣布，将从福克斯新闻离职，加盟竞争对手美国有 …,0,0,0.9999970197677612,3.008627572853584e-06,真实新闻,真实新闻,True
news_plf11s01430,随着世界范围内新冠疫情进入第二年，本年度的《全球能源回顾》评估了2021 年 能源需求和二氧化碳排放的走向。最新统计数据和实时分析证实了我们对2020 年 能源需求和二氧化 …,0,0,0.9999978542327881,2.107300360876252e-06,真实新闻,真实新闻,True
news_plf11s01431,美媒：川普周四发表了迄今为止最明确的声明，他威胁不保护北约盟国免受俄罗斯的袭击。,0,0,0.9999979734420776,2.02086812350899e-06,真实新闻,真实新闻,True
news_plf11s01432,监狱工作人员侵犯人权屡见不鲜。美国是全世界监禁率最高和被监禁人数最多的国家。③ 美联社一项调查发现，美国联邦监狱管理局是贪污、腐败和虐待的温床。 …,0,0,0.999997615814209,2.348877160329721e-06,真实新闻,真实新闻,True
news_plf11s01433,2001年，克林顿成立了“克林顿基金会”，其成立宗旨是改善全球健康水平、强化经济、改善儿童健康和保护环境。2004年，印度洋海啸后，克林顿出任联合国海啸灾后恢复问题特使。2005年… 展开,0,0,0.5096960067749023,0.49030405282974243,真实新闻,真实新闻,True
news_plf11s01434,奥巴马在演讲中特别提及俄乌冲突，以及特朗普时期“国会山骚乱”等美国民主乱象： “民主倒退并不局限于遥远的地方。 就在这里，在美利坚合众国，我们刚刚 （编 …,0,0,0.9999979734420776,2.0387446966196876e-06,真实新闻,真实新闻,True
news_plf11s01435,2特朗普“口头解密文件”并非荒谬说法，小布什时期曾传出泄漏伊拉克化武文件. 熊超然. 分享到：. 2022-08-16 17:45:22 字号： A- A A+ 来源：观察者网 阅读 60009. 最后更新: 2022-10-09 13:23:02. 【文/观察 …,0,0,0.999423623085022,0.0005763457738794386,真实新闻,真实新闻,True
news_plf11s01436,特朗普 视觉中国 图. 《华盛顿邮报》副主编、曾揭开水门事件丑闻的伍德沃德（Bob Woodward）的最新有声读物《特朗普的录音带：鲍勃·伍德沃德对唐纳德·特 …,0,0,0.9999982118606567,1.8198564930571592e-06,真实新闻,真实新闻,True
news_plf11s01437,迈克尔·麦考尔（Michael McCaul，1962年1月14日-），美国得克萨斯州共和党联邦众议员。 2023年4月13日，中国决定对美国反华议员迈克·麦考尔采取反制措施 …,0,0,0.9999973773956299,2.5976396500482224e-06,真实新闻,真实新闻,True
news_plf11s01438,欢迎大家出席国家能源局例行新闻发布会，今天的新闻发布会将发布2021年上半年能源形势、可再生能源并网运行情况，还将向大家介绍国家能源局电力防汛救灾和 …,0,0,0.9999978542327881,2.1226535409368807e-06,真实新闻,真实新闻,True
news_plf11s01439,应国家主席胡锦涛邀请，美利坚合众国总统巴拉克·奥巴马将于11月15日至18日对中国进行国事访问。届时，两国领导人将在北京就中美关系和共同关心的重大国际与地区问题深入交 …,0,0,0.9999973773956299,2.646918801474385e-06,真实新闻,真实新闻,True
news_plf11s01440,通知. 成文日期：. 2023年03月30日. 人力资源社会保障部关于开展2023年高校毕业生等青年就业创业推进计划的通知. 各省、自治区、直辖市及新疆生产建设兵团 …,0,0,0.9999961853027344,3.829908564512152e-06,真实新闻,真实新闻,True
news_plf11s01441,对此，经济日报记者采访 了财政部有关负责人和专家学者。 直面预算深层次问题 近年来，预算改革一直在大力推进。2014年8月，全国人大常委会审议通过新预算 …,0,0,0.9999978542327881,2.1872933757549617e-06,真实新闻,真实新闻,True
news_plf11s01442,北洋政府，全称中华民国政府，是指中华民国建国初期以北京为首都的中央政府，因由北洋军阀人物掌权，故而被后世称之。 北洋政府是1911年辛亥革命爆发 …,0,0,0.9999971389770508,2.827740672728396e-06,真实新闻,真实新闻,True
news_plf11s01443,本届美国国会（第117届）于2021年1月3日开幕。参议院议长（副总统兼任）卡玛拉·哈里斯；临时议长查尔斯·格拉斯利（英文：Charles Grassley，共和党）。 展开,0,0,0.9999980926513672,1.8673781596589833e-06,真实新闻,真实新闻,True
news_plf11s01444,2021年12月3日，按照沙坪坝区选举委员会的统一部署，重庆大学举行了沙坪坝区第十九届人大代表选举投票工作。学校四个选区的师生，积极行使民主权利，以自 …,0,0,0.9999977350234985,2.2633871594734956e-06,真实新闻,真实新闻,True
news_plf11s01445,KF94口罩比医用外科口罩更有效阻隔新冠病毒,0,0,0.9999963045120239,3.7282709399732994e-06,真实新闻,真实新闻,True
news_plf11s01446,少年强中国强，体育强中国强，推动我国体育事业不断发展是中华民族伟大复兴事业的重要组成部分。. 习近平总书记指出，少年儿童要注意加强 ...,0,0,0.9999964237213135,3.596748683776241e-06,真实新闻,真实新闻,True
news_plf11s01447,为了有效管理国家债务，1917年，美国国会通过了《第二自由债券法案 ... 美国消费者新闻与商业频道日前发布的“全美经济调查”显示，69%的美国成年人对美国当 …,0,0,0.9999977350234985,2.298421122759464e-06,真实新闻,真实新闻,True
news_plf11s01448,2017年，美国出台一份名为“阻止外国恐怖分子进入美国的国家保护计划”的行政命令，禁止伊拉克、叙利亚、伊朗、苏丹、索马里、也门和利比亚等七国公民入境美 …,0,0,0.9999978542327881,2.1909488623350626e-06,真实新闻,真实新闻,True
news_plf11s01449,报道称，拜登在哈伦代尔滩举行的一次活动中欢迎佛罗里达州民主党众议员黛比·沃瑟曼·舒尔茨时把对方说成了参议员。,0,0,0.9999978542327881,2.147162831533933e-06,真实新闻,真实新闻,True
news_plf11s01450,1950年11月23日出生于纽约布鲁克林区。1974年，23岁的舒默当选为纽约州议会议员，成为自西奥多·罗斯福以来最年轻的议员。1981年，赢得国会众议院席位后，此后连续8次担任 …,0,0,0.9999977350234985,2.286588824063074e-06,真实新闻,真实新闻,True
news_plf11s01451,截至2011年6月，中国网民规模达到4.85亿，较2010年底增加2770万人；互联网普及率攀升至36.2%…[详细] 我国微博用户达1.95亿 使用率升至40%,0,1,0.013184655457735062,0.9868152737617493,真实新闻,虚假新闻,False
news_plf11s01452,据《纽约时报》报道，7月24日，美国总统奥巴马将在伊利诺伊州盖尔斯堡的诺克斯学院发表演说，为美国的经济复苏情况作总结，同时制定未来的计划，包括重申 …,0,0,0.9999979734420776,2.0103245788050117e-06,真实新闻,真实新闻,True
news_plf11s01453,美国阵亡将士纪念日假期旅行人数将接近疫情前水平. 中新社旧金山5月26日电 据美国汽车协会及美国媒体消息，今年阵亡将士纪念日假期美国旅行人数将达到4230 …,0,0,0.9999980926513672,1.9134565718559315e-06,真实新闻,真实新闻,True
news_plf11s01454,巴蒂利于今年9月25日就任秘书长利比亚问题特别代表兼联合国利比亚支助团团长，并于10月14日抵达利比亚受国际承认的行政中心的黎波里正式履新。 巴蒂利指 …,0,0,0.9999970197677612,2.9702769097639248e-06,真实新闻,真实新闻,True
news_plf11s01455,王文涛表示，2021年，我国对外贸易增长21.4%，达到39.1万亿人民币。以美元计，规模连续跨了5万亿、6万亿两个台阶，达到6.05万亿美元，增速30%，这 …,0,0,0.9999972581863403,2.753554554146831e-06,真实新闻,真实新闻,True
news_plf11s01456,全国妇联、教育部等11个部门近日印发《关于指导推进家庭教育的五年规划（2021—2025年）》，把构建覆盖城乡的家庭教育指导服务体系、健全学校家庭社会协 …,0,0,0.9999977350234985,2.29641841542616e-06,真实新闻,真实新闻,True
news_plf11s01457,呼和浩特一男子因发布虚假信息被警方依法行政拘留,0,0,0.9999978542327881,2.0877289443888003e-06,真实新闻,真实新闻,True
news_plf11s01458,奋斗创造历史，实干成就未来。在这个属于劳动者的节日里，劳动的荣光分外耀眼，奋斗的强音激荡人心。我们向全国工人阶级和广大劳动群众致以诚挚的祝福，向 …,0,0,0.9999929666519165,7.062809800117975e-06,真实新闻,真实新闻,True
news_plf11s01459,美国《史密森尼杂志》指出：“美国有着令人煎熬的种族主义历史和现实，正视美国制度中根深蒂固的种族不平等，以及对非洲裔漫长和痛苦的暴力 ...,0,1,0.484098345041275,0.5159016847610474,真实新闻,虚假新闻,False
news_plf11s01460,央视新闻. 2021-01-16 15:48. 舆论场 >. 字号. “全时空转入战时状态”“一律进入战时状态”“立即进入战时状态”……连日来，“战时状态”成为高频词。. 起因是，由于出现散发疫情，多地有关部门便一声令下，宣布 …,0,0,0.9999970197677612,2.9661498501809547e-06,真实新闻,真实新闻,True
news_plf11s01461,"最高人民法院政务网站,最高人民法院网，最高人民法院，最高人民法院网是人民群众了解和联系最高人民法院的重要窗口，承载着司法公开、法治宣传、服务群众、 …",0,0,0.9999935626983643,6.383216259564506e-06,真实新闻,真实新闻,True
news_plf11s01462,（观察者网讯）据美国有线电视新闻网（CNN）当地时间3月1日报道，美国众议院外交事务委员会1日以24票赞成、16票反对的结果推动一项法案，赋予美国总统拜 …,0,0,0.9999978542327881,2.0958241293556057e-06,真实新闻,真实新闻,True
news_plf11s01463,任务栏上的新闻和兴趣可以轻松访问对你很重要的信息，而不会分散在应用、网站和其他设备之间切换的干扰。 直接在任务栏上查看您位置的当前天气状况，并将鼠标悬停在图标上，以查看简洁、可 … 展开,0,0,0.9999979734420776,2.0523261810012627e-06,真实新闻,真实新闻,True
news_plf11s01464,牢记嘱托跟党走 传承精神勇担当 为加快建设能源强国谱写石油新篇章. 在全国上下全面贯彻落实党中央、国务院稳增长决策部署、满怀信心迎接党的二十大胜利召开 …,0,0,0.9999964237213135,3.5672376270667883e-06,真实新闻,真实新闻,True
news_plf11s01465,《菲茨杰拉德文萃:最后的大亨》内容简介：菲茨杰拉德的作品命名了美国的一个时代，他是“爵士时代的桂冠诗人”、“迷惘的一代的代言人”。菲茨杰拉德是20世纪最伟大 … 展开,0,0,0.9999982118606567,1.7986168359129806e-06,真实新闻,真实新闻,True
news_plf11s01466,政治极化也是导致美国“随机恐怖主义”加剧的重要原因。在这其中，一些政客起了推波助澜的作用，他们中的典型代表就是共和党人金里奇。据美国《大西洋月刊》 …,0,0,0.9999983310699463,1.6695134945621248e-06,真实新闻,真实新闻,True
news_plf11s01467,伊战降低了伊斯兰世界在全球格局中的地位。伊拉克战争削弱了伊斯兰文明，直接弱化了伊斯兰世界的实力。伊拉克是伊斯兰世界的中等强国，美国在伊战中的军事胜利，使得伊斯兰世界进一步式微。与此同时，伊战间接破坏了伊斯兰世界的团结。,0,0,0.9999980926513672,1.909234924823977e-06,真实新闻,真实新闻,True
news_plf11s01468,人民日报：全面提高资源利用效率. 陆 昊. 2021年01月15日06:24 | 来源： 人民网－人民日报. 小字号. 党的十九届五中全会通过的《中共中央关于制定国民经济和社 …,0,0,0.9999980926513672,1.9524431991158053e-06,真实新闻,真实新闻,True
news_plf11s01469,个人所得税税率表（综合所得适用） 2.个人所得税年度自行纳税申报表（A表、简易版、问答版） 3.个人所得税年度自行纳税申报表（B表） 国家税务总局 2022年2月8日,0,0,0.9999973773956299,2.6653292479750235e-06,真实新闻,真实新闻,True
news_plf11s01470,3月23日，教育部召开新闻发布会，介绍2022年全国教育事业发展基本情况。记者从新闻发布会上获悉：2022年全国共有各级各类学校51.85万所，学历教育在校 …,0,0,0.999997615814209,2.426389528409345e-06,真实新闻,真实新闻,True
news_plf11s01471,新华社评出2013年国内十大新闻（按事件发生时间先后为序） 一、国家机构换届顺利完成 十二届全国人大一次会议和全国政协十二届一次会议3月在北京召开，选 …,0,0,0.9999980926513672,1.9552642243070295e-06,真实新闻,真实新闻,True
news_plf11s01472,新华社北京11月3日电 中华人民共和国和坦桑尼亚联合共和国关于建立全面战略合作伙伴关系的联合声明 应中华人民共和国主席习近平邀请，坦桑尼亚联合共和国 …,0,0,0.9999971389770508,2.8263764306757366e-06,真实新闻,真实新闻,True
news_plf11s01473,”麦康奈尔8日对这项声明表达了强烈不满，他还表示，共和党全国委员会不应该针对那些本应得到支持的共和党人，他们的职责应该是支持党内的所有成员。 “共和 …,0,1,0.0014792693546041846,0.9985207915306091,真实新闻,虚假新闻,False
news_plf11s01474,近期新闻. 2023年 5月 11日. 微软携手六大行业领军企业，组建“智能创新汇”，持续发力数字创新. 2023年 5月 4日. 牧羊少年与修车学徒，他们都在奔赴自己的春天. 2023年 4月 26日. …,0,0,0.9999977350234985,2.322429054402164e-06,真实新闻,真实新闻,True
news_plf11s01475,萨拉·路易丝·希思·佩林（SarahHeathPalin，1964年2月11日－），美国记者、政治人物，美国共和党籍，生于爱达荷州桑德波因特，曾任阿拉斯加州州长（2006年至2009年）。佩林是阿拉斯加州历史上最年轻的州长，也是 …,0,0,0.9999979734420776,2.0547329313558294e-06,真实新闻,真实新闻,True
news_plf11s01476,2022年6月7日 · 美国怀俄明州参议员约翰·巴拉索接受福克斯新闻频道采访时表示，美国总统乔·拜登提出的在通胀水平创纪录以及人口贫困化的背景下拯救美国经济的计划应该打最 …,0,0,0.9999977350234985,2.3221189167088596e-06,真实新闻,真实新闻,True
news_plf11s01477,美国当选总统奥巴马2008年11月22日任命亲密助手罗伯特·吉布斯为他的白宫新闻秘书（首席发言人）。 展开,0,0,0.9999977350234985,2.2451140466728248e-06,真实新闻,真实新闻,True
news_plf11s01478,《约旦时报》6月16日刊文指出，鲁哈尼虽在2017年轻松拿下第二个任期，但他在2021年下台之际在伊朗民众心目中已是个“极不受欢迎的人物”。 责任编辑： 胡甄卿,0,0,0.9999979734420776,2.020438387262402e-06,真实新闻,真实新闻,True
news_plf11s01479,最近，美国联邦调查局发布的2020年度《统一犯罪报告》 (UCR)显示，美国杀人案数量较2019年增加了近30%，这是该机构自20世纪60年代开始追踪这些犯罪以来有记录的最大 …,0,0,0.999997615814209,2.434877842460992e-06,真实新闻,真实新闻,True
news_plf11s01480,一直以来，通过主流媒体了解政治是普通百姓获取政治信息的主要渠道，但与其他类型的新闻相比，政治新闻往往缺乏互动，其原因有二：一是政治 ...,0,0,0.9999972581863403,2.7659800707624527e-06,真实新闻,真实新闻,True
news_plf11s01481,组建医联体1.5万个，已开展的7批集采中选药品平均降价超过50%，居民个人卫生支出所占比重下降到27.7%……国家卫生健康委22日举行的新闻发布会上发布的数 …,0,0,0.9999978542327881,2.101500058415695e-06,真实新闻,真实新闻,True
news_plf11s01482,博尔顿：被驱逐的白宫“战争狂人” ---一年半后的9月10日，当特朗普在推特上宣布博尔顿走人的消息后，连华府周围人似乎都如释重负。 极端保守的共和党参议员兰德·保罗表示，随着博尔顿走人，“世界范围发生战争（的可能性）都呈指数级下降”。,0,0,0.9999979734420776,1.9808474007732e-06,真实新闻,真实新闻,True
news_plf11s01483,ABC中文遵循ABC编辑方针，以澳大利亚视角，报道国内外重大新闻事件、深度分析时事要闻、多方展现观点碰撞。,0,0,0.999995231628418,4.742733381135622e-06,真实新闻,真实新闻,True
news_plf11s01484,视频集首页 新闻频道 央视网首页 领导人视频集 中共中央领导人 国家领导人 地方领导 习近平 中共中央委员会总书记 中共中央政治 局常务委员会委员 李强 中共中央政治局 常务委员会委员 赵乐际 中共中央政治局 常务委员会 …,0,0,0.9999964237213135,3.5914908949052915e-06,真实新闻,真实新闻,True
news_plf11s01485,是的，民主党人知道，历史趋势表明民主党失去了多数席位，过去两年，民主党以5个席位的微弱优势控制了众议院，很难保住多数席位，但尽管存在这些不利因素，民主党在今年的中期选举中的表现 … 展开,0,0,0.9999979734420776,2.044808525170083e-06,真实新闻,真实新闻,True
news_plf11s01486,2020年11月16日. 奥巴马前总统向BBC Arts讲述他对阴谋论满天飞与“真相凋零”的看法。. 民主党籍的拜登早前胜出美国总统选举，即将在明年1月入主 ...,0,0,0.9999979734420776,2.0823247268708656e-06,真实新闻,真实新闻,True
news_plf11s01487,萨拉·路易丝·希思·佩林（SarahHeathPalin，1964年2月11日－），美国记者、政治人物，美国共和党籍，生于爱达荷州桑德波因特，曾任阿拉斯加州州长（2006年至2009年）。佩林是阿拉斯加州历史上最年轻的州长，也是 …,0,0,0.9999979734420776,2.0547329313558294e-06,真实新闻,真实新闻,True
news_plf11s01488,新闻背景：2008年国际金融危机以来美联储货币政策回顾 ---美国联邦储备委员会15日宣布，为应对新冠肺炎疫情对美国经济造成的冲击，将联邦基金利率目标区 …,0,0,0.9999969005584717,3.1190663776214933e-06,真实新闻,真实新闻,True
news_plf11s01489,为了探讨国内媒体对外传播的问题，寻找解决方法，我们选取《人民日报》的推特（Twitter）账号，考察其在十九大期间的表现，对相关内容进行了 ...,0,0,0.9999978542327881,2.160959184038802e-06,真实新闻,真实新闻,True
news_plf11s01490,而麦凯恩已抢先于24日抵达科罗拉多州，马不停蹄地在该州三处露面后，25日又火速杀往新墨西哥州，他同样会在阿尔伯克基出席竞选集会，随后又将 ...,0,0,0.9999980926513672,1.865349076979328e-06,真实新闻,真实新闻,True
news_plf11s01491,土耳其总统雷杰普·塔伊普·埃尔多安周三表示，叙利亚的和平与土耳其和俄罗斯之间的关系直接相关，而他的俄罗斯总统弗拉基米尔·普京在俄罗斯城市索契举行的 …,0,0,0.9999980926513672,1.920956719914102e-06,真实新闻,真实新闻,True
news_plf11s01492,在美国，报税不仅仅是美国绿卡和公民的事情，只要在美具有合法居留权，一年内在美超过183天者（非美国移民者，但有美国收入）都需要进行个税申报。. 那 …,0,0,0.9999979734420776,2.0711231627501547e-06,真实新闻,真实新闻,True
news_plf11s01493,新华社北京6月7日电 （国际观察）“美国陷阱”之一：政策反复无常 世界稳定“乱源”. 近年来，美国的对外政策呈现出日益显著的不确定性。. 从奥巴马政府到特朗普政 …,0,0,0.9999982118606567,1.81708162472205e-06,真实新闻,真实新闻,True
news_plf11s01494,莱文一直是保守派倡导组织和政界人士的攻击目标。在莱文担任卫生部长助理的确认听证会上，参议员兰德·保罗（Rand Paul，肯塔基州共和党人）试图将生殖器 …,0,0,0.9999972581863403,2.7315584247844527e-06,真实新闻,真实新闻,True
news_plf11s01495,南非总统拉马福萨、巴西总统博索纳罗、俄罗斯总统普京、印度总理莫迪出席。 6月23日晚，国家主席习近平在北京以视频方式主持金砖国家领导人第十四次会晤并 …,0,1,0.4093167185783386,0.5906833410263062,真实新闻,虚假新闻,False
news_plf11s01496,"The Electronic Code of Federal Regulations (eCFR) is a continuously updated online version of the CFR. It is not an official legal edition of the CFR. Learn more about the eCFR, its …",0,0,0.508485734462738,0.4915142357349396,真实新闻,真实新闻,True
news_plf11s01497,重庆大学本科生电子成绩单和在读证明上线. 在疫情期间，教务处正式启用了微信掌上服务“小程序—校务行”，为全校在读本科学生提供电子成绩单和在读证明，解 …,0,0,0.9999980926513672,1.8926272105090902e-06,真实新闻,真实新闻,True
news_plf11s01498,在应对气候变化和环境保护问题上，美国人认识和应用科学的能力被剔除掉了。” 在垃圾与环境污染治理方面不作为 除了在气候变化问题上指责别国，并且越来越与世界各国渐行渐远之外，美国在垃圾与环 …,0,0,0.9999980926513672,1.965817091331701e-06,真实新闻,真实新闻,True
news_plf11s01499,2021年12月3日，按照沙坪坝区选举委员会的统一部署，重庆大学举行了沙坪坝区第十九届人大代表选举投票工作。学校四个选区的师生，积极行使民主权利，以自 …,0,0,0.9999977350234985,2.2633871594734956e-06,真实新闻,真实新闻,True
news_plf11s01500,根据预先估计数字，二零二零年第四季 本地生产总值 按年实质下跌3.0%，较第三季3.6%的跌幅稍为收窄。经季节性调整后按季比较，实质 本地生产总值 …,0,0,0.9999971389770508,2.8443937480915338e-06,真实新闻,真实新闻,True
news_plf11s01501,Qzone. 新华社华盛顿9月28日电 新闻背景：美国总统候选人电视辩论. 谋求连任的美国共和党总统唐纳德·特朗普和民主党总统候选人乔·拜登将于美国东部时间29日 …,0,0,0.9999978542327881,2.1318537619663402e-06,真实新闻,真实新闻,True
news_plf11s01502,美国参议院投票通过提高债务上限法案 2021-12-15 08:40 央视网 当地时间12月14日，在债务上限截止日期的前一天，美国国会参议院以50票赞成、49票反对的投 …,0,0,0.9999978542327881,2.1777207166451262e-06,真实新闻,真实新闻,True
news_plf11s01503,您要查看的网页可能已被删除、名称已被更改，或者暂时不可用. 用家里的电脑上一个网站的时候，总会初相这个：您要查看的网页可能已被删除、名称已被更改， …,0,0,0.9999980926513672,1.932127133841277e-06,真实新闻,真实新闻,True
news_plf11s01504,但她从不认为美国可与中国结成全面合作伙伴，说中国充其量是个“选择性的利益攸关方”。. 希拉里·克林顿是最早把对华关系定义为“守成大国与新兴大国之间关系”的 …,0,0,0.9999958276748657,4.1428947952226736e-06,真实新闻,真实新闻,True
news_plf11s01505,奥巴马对新能源未来的另类远景. 总统易人，将如何调整影响全球环境的政策？. 新上任的美国总统巴拉克•奥巴马在2007年末的一次演讲中，展示了他的计划。. “中 …,0,0,0.9999974966049194,2.5539502530591562e-06,真实新闻,真实新闻,True
news_plf11s01506,新华社北京11月3日电 中华人民共和国和坦桑尼亚联合共和国关于建立全面战略合作伙伴关系的联合声明 应中华人民共和国主席习近平邀请，坦桑尼亚联合共和国 …,0,0,0.9999971389770508,2.8263764306757366e-06,真实新闻,真实新闻,True
news_plf11s01507,照片中，珍妮弗·盖茨腹部隆起明显，手抚孕肚，与丈夫纳耶·纳萨尔合影满脸幸福。,0,1,0.04544735699892044,0.9545527100563049,真实新闻,虚假新闻,False
news_plf11s01508,美国又发危险品运输事故 剧毒高腐蚀性硝酸泄漏 --- 亚利桑那州公共安全部发言人劳尔·加西亚说，这辆罐车在10号州际公路图森市附近路段发生碰撞后侧翻，车上 …,0,0,0.9999979734420776,2.086035465254099e-06,真实新闻,真实新闻,True
news_plf11s01509,共和党控制的众议院在星期日通过了带有要求政府推迟一年实行奥巴马医改法案的政府临时开支预算案。,0,0,0.9999978542327881,2.131477685907157e-06,真实新闻,真实新闻,True
news_plf11s01510,近日，阳光高考信息平台整理了高考考生和家长们最关心的部分问题和解答。. 和小编一起来看——. Q1. 我考了xx分，可以报哪些大学？. 请考生结合所在省份当年 …,0,0,0.9999973773956299,2.6528271064307773e-06,真实新闻,真实新闻,True
news_plf11s01511,美国政治捐献数据库（OpenSecrets）：关于竞选资金、超级政治行动委员会、行业和游说的数据 采购的可持续性 可持续发展,0,0,0.9999977350234985,2.2485339741251664e-06,真实新闻,真实新闻,True
news_plf11s01512,新华社华盛顿3月3日电美国国会众议院3日通过为国土安全部拨款法案，民主党与共和党围绕此事“斗法”暂时告一段落，国土安全部关门危机画上 ...,0,0,0.9999977350234985,2.305678890479612e-06,真实新闻,真实新闻,True
news_plf11s01513,实施农村危房改造，贫困人口全面实现住房安全有保障（专栏1）。实施农村饮水安全和巩固提升工程，累计解决2889万贫困人口的饮水安全问题，饮用水量和水质 …,0,0,0.9999977350234985,2.3217824036692036e-06,真实新闻,真实新闻,True
news_plf11s01514,新的食品券计划将使美国政府行政开支增加约200亿美元。 食品券（Food Stamp）的全称是“补充营养援助计划”（SNAP）救济金。在美国符合条件的低收入家庭 …,0,0,0.999997615814209,2.436039267195156e-06,真实新闻,真实新闻,True
news_plf11s01515,美空军在招标书中表示，计划购买140至160架KC-Y加油机以更换已经老化的KC-135机队。竞标最早可能于2022年开始，届时会公布最终的需求。 目前美国空军并未明确说明KC-Y计 …,0,0,0.9999972581863403,2.7685450731951278e-06,真实新闻,真实新闻,True
news_plf11s01516,（观察者网讯）福克斯新闻名嘴克里斯·华莱士（Chris Wallace）12日突然在自己的新闻节目“福克斯周日新闻”上宣布，将从福克斯新闻离职，加盟竞争对手美国有 …,0,0,0.9999970197677612,3.008627572853584e-06,真实新闻,真实新闻,True
news_plf11s01517,近期新闻. 2023年 5月 11日. 微软携手六大行业领军企业，组建“智能创新汇”，持续发力数字创新. 2023年 5月 4日. 牧羊少年与修车学徒，他们都在奔赴自己的春天. 2023年 4月 26日. …,0,0,0.9999977350234985,2.322429054402164e-06,真实新闻,真实新闻,True
news_plf11s01518,美国伊利诺伊州总检察长夸梅·拉乌尔（Kwame Raoul）当地时间23日公布的一项调查结果显示，1950年至2019年期间，伊州有450余名天主教神职人员对近2000 …,0,0,0.9999979734420776,2.011381411648472e-06,真实新闻,真实新闻,True
news_plf11s01519,每年，大约有 4% 的美国未投保公民因高昂的医疗费用而被迫宣布破产； 40-50% 依赖雇主健康保险。 COVID-19 大流行的经济影响导致该地区未投保人数空前增加。 例如，在美 …,0,0,0.9999979734420776,1.9924084426747868e-06,真实新闻,真实新闻,True
news_plf11s01520,美国劳动力统计信息 劳动力、劳动力参与率，以及按年龄、性别、种族和人种划分的非机构平民人口 。 此数据集来源于美国劳工统计局 (BLS) 发布的当前就业统计 …,0,0,0.999997615814209,2.4245389340649126e-06,真实新闻,真实新闻,True
news_plf11s01521,新华社华盛顿8月11日电 （国际观察）美国党争愈演愈烈. 新华社记者孙丁. 美国联邦调查局人员8日突击搜查前总统特朗普的住所海湖庄园，随后特朗普在社交媒体 …,0,1,0.06344766914844513,0.9365522861480713,真实新闻,虚假新闻,False
news_plf11s01522,原标题：权威快报丨我国8个民主党派分别选举产生新一届中央领导机构. 12月7日至23日，中国国民党革命委员会、中国民主同盟、中国民主建国会、中国民主促 …,0,0,0.9999974966049194,2.537381078582257e-06,真实新闻,真实新闻,True
news_plf11s01523,通知公告 中山大学物理与天文学院2023年 以“申请-考核”制招收博士研究生招生简章 ... 考核小组对每个考生进行总计不少于60分钟 的考核，总分600分 …,0,0,0.9999977350234985,2.295437525390298e-06,真实新闻,真实新闻,True
news_plf11s01524,《中国劳动统计年鉴─2021》是一部全面反映中华人民共和国劳动经济情况的资料性年刊。. 本刊收集了2020年全国和各省、自治区、 …,0,0,0.9999963045120239,3.7381291804194916e-06,真实新闻,真实新闻,True
news_plf11s01525,新华社美国尤瓦尔迪5月25日电 通讯：哀痛、创伤、愤怒、失望——记美国尤瓦尔迪校园枪击事件一周年 新华社记者吴晓凌 徐剑梅 在美国得克萨斯州小城尤瓦尔迪 …,0,0,0.9999982118606567,1.8418635363559588e-06,真实新闻,真实新闻,True
news_plf11s01526,由于Zahorian与检察官合作，麦克马洪于1993年被起诉。[7] 这纽约东区的美国检察官 Zachary W. Carter指控麦克马洪（McMahon）密谋分发类固醇，藏有非法类 …,0,1,2.2383635950973257e-05,0.9999775886535645,真实新闻,虚假新闻,False
news_plf11s01527,尽管两位候选人均把自己描绘成为华盛顿新政府两党姿态的代言人，但是约翰·麦凯恩和巴拉克·奥巴马都会倾向于坚持各自党派在税收政策方面的惯用手段。,0,0,0.9999979734420776,2.030641780947917e-06,真实新闻,真实新闻,True
news_plf11s01528,前不久，中共中央办公厅印发《关于在全党大兴调查研究的工作方案》提出：“必须坚持问题导向，增强问题意识，敢于正视问题、善于发现问题，以解决问题为根 …,0,0,0.9999969005584717,3.13901477966283e-06,真实新闻,真实新闻,True
news_plf11s01529,通过使用LexisNexis® Academic学术大全数据库——市场上最好的搜索工具之一 ，学生和研究人员可以节省宝贵的时间。基于先进的网络技术，LexisNexis® Academic提供多种灵 …,0,0,0.9999978542327881,2.114297558364342e-06,真实新闻,真实新闻,True
news_plf11s01530,2022年4月29日，秦刚大使在美国中西部艾奥瓦州最具影响力的第一大报《得梅因纪事报》发表题为《腹地之行，动人之旅》 (原文链接) 的署名文章。. 全文译文如 …,0,0,0.999997615814209,2.4172666144295363e-06,真实新闻,真实新闻,True
